ymd,면적가격,강남구,강동구,강북구,강서구,관악구,광진구,구로구,금천구,노원구,도봉구,동대문구,동작구,마포구,서대문구,서초구,성동구,성북구,송파구,양천구,영등포구,용산구,은평구,종로구,중구,중랑구
201101,2188.449848024316,3551.7367352310735,2069.5201597342334,1379.2395954726921,1688.3896631848716,1664.041084439766,2196.3292309029894,1559.052621148871,1218.227231570312,1484.6122208247177,1296.4353427860956,1536.0854241382856,1948.8298673448412,2050.7609989379584,1561.7711534539128,2993.307194852358,1950.074854378393,1511.6680690178018,2894.064451505335,2185.067730367617,1870.3591173623358,2644.9215574870777,1360.094508949872,1878.779446318113,1971.5077941429547,1390.479208766641
201102,1827.0093135563986,3413.439579129381,1957.5492685601012,1408.9124297947965,1611.8198149655711,1623.3283279674813,2125.979395103061,1476.5115198748822,1215.4355334407435,1483.3005514832876,1298.8687931710185,1524.439442387879,1879.9738174451297,1997.3914382024209,1519.4114088814833,2978.1543054080485,2011.279427967324,1523.1206224845112,2788.38937703575,1972.3008615371853,1882.6458260731085,2802.399192254109,1363.1914948453111,1909.280698378539,1938.534659280027,1409.5450419102751
201103,2913.478516774573,3530.503832424316,1881.5093488484542,1395.189531364736,1587.2072786377873,1607.5246621453036,2137.8708374668004,1480.352330146189,1246.346069875498,1460.3998856067478,1307.954555942425,1530.177818192561,1888.907563428383,2034.8248975864565,1522.6771329746448,2852.8957019070217,1938.2814659377107,1615.3912848455943,2663.6699466480004,1861.2089675018115,1859.5514580763065,2861.9729213040423,1297.0993274394914,1786.3825596438915,1888.6090102370545,1405.0664232761437
201104,1767.8571428571427,3503.2991937349993,1941.4657683387559,1376.0874137207825,1547.2953993063832,1601.9475757156758,2237.558802105473,1500.608914606667,1239.0557034131589,1458.1024834654584,1275.2628340834465,1548.7074011295401,1883.0043044191934,2038.5259872923625,1483.8810387835374,3034.6281371365294,1922.0150295119972,1529.122161298419,2749.0620794306033,2024.6710747262846,1776.9202041973476,2570.879656832965,1309.9025677137624,1897.2632443115556,1944.2126637249553,1396.0346403078843
201105,4011.702468739981,3421.22045862939,2003.4105468366151,1294.5529651192974,1587.8083479821728,1572.0050325892055,2098.287951182045,1497.1663057262044,1219.2440272483134,1440.6505492061776,1291.5231386306164,1579.7247153064516,1876.9802361292896,2086.193602128157,1515.8132425920319,2931.34572982315,1932.531927255648,1518.9845835387373,2759.4224483608214,1924.5203404715116,1842.4168293830055,2486.839158041989,1297.6852102817666,1852.7763256811588,1932.863057116033,1363.7970278441887
201106,2758.132956152758,3433.3820359904084,1994.34426581351,1345.313565853534,1580.1103833703385,1602.1961972387398,2133.7884556974777,1439.9238887369288,1193.1128172447532,1426.5205218834092,1280.7311645743243,1501.645993354208,1864.8443895659364,1991.099614781558,1416.0672252670545,3008.8339835885663,1900.7647752367366,1456.2979123091498,2706.268782678964,1983.3693050679803,1791.669328019813,2698.110192621329,1211.4915008885123,1657.8178534750282,1900.515305546236,1397.0091909145742
201107,3692.498136782039,3800.187798742484,2143.5864840078343,1339.7493725920124,1615.3718153601963,1654.6972124784777,2164.675053738649,1429.5939147046704,1226.9074731780825,1431.750038339591,1257.2622917515077,1518.4498650747726,1832.0996623169713,2152.9327657846543,1512.1957667107426,3185.5023873869673,1955.295409790211,1463.41062112975,2842.46104071638,2140.7888592692216,1838.9408746363904,2390.2010875527512,1355.3036521233419,1965.048879777962,2086.3217385428807,1368.0841772313086
201108,2478.0422393563526,3391.608038024698,1953.703051463945,1354.0445090453977,1581.7031657197283,1544.4830923831214,2073.9643663621127,1398.4344972106162,1229.6677127064036,1431.7709991120432,1276.8056077285448,1505.0869318612577,1846.7815576329838,2072.0156212777106,1594.157060744746,3024.007035544168,1992.8588787826175,1492.726668069738,2838.114993403426,1856.4232494401608,1830.9530473883735,2437.211829530114,1342.362523279412,2022.32002386181,1972.1471068704197,1371.4125242717228
201109,2150.523894709941,3627.26647952496,2017.1286007407,1336.456186519222,1563.3620265631464,1511.4006406713304,2136.8590302415796,1384.4458274648873,1232.8593151821115,1423.8068868474402,1272.583723219845,1580.2624486075201,1848.098617778075,2019.5921081762408,1552.083369661292,3074.2421900501745,1877.2407620972226,1526.12006492338,2719.247509872155,1790.5998100982206,1799.187103108192,2620.3432845753255,1406.975356168815,2073.4606562116296,1902.4952746930314,1373.139473290834
201110,2456.9181863811277,3657.0437145253095,2093.2782572702645,1368.0512812299544,1591.7944843848268,1570.3260093536178,2059.7331733411193,1476.6374032464487,1190.5351450444145,1458.6106784320552,1283.8657389499774,1556.1276624555662,1882.9909042306615,2070.9557724174183,1553.3055950054961,2960.855705687648,1940.8921013659913,1475.2129873522988,2902.3606944537937,1925.3792962365026,1732.6943989599026,2239.0940077039954,1310.981191796492,1931.5756999819605,1986.4673737976132,1408.514386754275
201111,3987.598686919791,3581.8192161131237,2027.1827979231489,1332.361092366537,1586.6745818899174,1579.1734551282163,2135.024238594188,1467.562184366701,1204.643417379698,1418.1789295401068,1256.5252292849589,1573.0897485064897,2030.1156200146293,2054.5260842711955,1435.3537732943116,2814.5604424392213,1893.4443693836436,1481.0693841087932,2887.9759279823825,1953.418152596929,1810.7919586806718,2590.674198312205,1331.7169328635243,2102.875432965829,1908.7310572510926,1371.9659681717708
201112,4274.108089014481,3618.523859570436,2158.2758921304553,1347.406518187256,1569.831831501543,1543.4132673308197,2037.457595533464,1385.5475395138403,1232.0334037181592,1433.5844243736176,1227.0260351022353,1566.8307095372943,2019.0983769557924,2083.9343764155215,1463.6742197545482,2921.8083778046193,1906.3003812663023,1499.8274984043337,2947.3023875350937,1980.3844149964618,1816.414564469077,2618.0176804594635,1381.8473101392178,1832.6220484138585,1844.796607632069,1346.749652194842
201201,2521.978021978022,3414.673732767583,2159.864687716539,1372.035001712356,1564.045153890887,1557.9342295526774,2084.8119511688597,1456.3987392426754,1262.097440079552,1402.0256104067198,1267.425573393472,1497.2952809569795,1883.4543980414103,1978.908664555944,1487.190460431632,2963.723020486377,1994.7076740599591,1490.3177912988199,2920.2079372584244,1921.7528796582885,1739.0157303642734,2522.747576585855,1404.0832207479102,1732.6515741025942,1973.8105681861314,1337.366120944234
201202,1982.9744616925389,3614.70108598665,2184.6576470149566,1329.1851735998018,1575.624745949004,1602.3336136060573,2061.9243856265657,1447.2414383007838,1193.0532649493098,1380.773316391161,1222.7233838481495,1530.655419241085,1869.7351460327864,1943.292577148363,1557.6995825114673,2812.007211724308,1952.4504350408627,1486.1459080925592,2898.1519201519595,1876.242068135634,1830.0259673652504,2614.1180744711905,1351.6679660512991,1976.3739932969766,1948.8466988027442,1353.443313863027
201203,2362.6373626373625,3555.3789858280174,2082.4532372443186,1297.6688646642547,1498.7662174536638,1539.1121358269324,2137.8807851795564,1393.326176979211,1225.0777981917113,1374.878397408531,1243.938239824788,1487.5077408018674,1976.3459312302045,1979.7554236574254,1456.7250343593907,2924.659576572885,2020.8646379466418,1475.1240052443584,2789.9681344716887,1797.6844048637206,2025.0535544946918,2574.1116996773176,1271.1480270563948,1900.6672397473183,1955.3454074243714,1362.0426632431713
201204,2466.454802259887,3601.4082176154884,2107.818806889606,1290.757302415231,1504.24900552687,1463.4129675354234,2063.5655442275556,1461.1292460879436,1194.0018724283625,1361.2757069030185,1188.7134010909829,1569.6181634636914,1838.9496810359233,2109.2926107561557,1539.9985586713383,2839.723876986049,1916.9178477852229,1469.5426248697258,2927.34474742814,1788.802339695988,1823.0553286654492,2557.9784118132393,1338.8322357426118,1740.8571506837716,1907.7991661586118,1322.427635644278
201205,3425.414364640884,3561.582015207303,2093.85715082408,1282.8787115661771,1526.3815109507116,1672.0342084233382,2074.800240823036,1412.12359514815,1222.8713639561377,1340.5691908773913,1220.88023233328,1521.5754063052427,1798.6392464975524,1972.0289682148136,1518.5403623576715,2895.791263110802,2009.8992385550034,1415.3411490188016,2756.796460417654,2086.2764130097667,1767.6564037286107,2557.9711554546475,1384.9474227415321,2029.9678117522674,1912.8734217832584,1313.3021479448316
201206,2527.4725274725274,3250.2872165171684,2095.6182926160564,1320.519175018761,1473.531204153339,1591.3056781824137,2062.642004763972,1412.4933272134103,1113.8650301048401,1335.9920944332803,1172.089271726208,1416.681035482925,1806.034832295411,1956.8140543206232,1470.73432490122,2786.058283592944,1818.8543445975272,1378.7080845485093,2851.4221463024783,1830.6819072953544,1739.5763371549224,2440.1749730063193,1327.903046928607,2035.0240589960135,2015.9590050490206,1281.6173487583849
201207,4367.454545454546,3342.9359267892337,2027.8906542343138,1374.63843556884,1456.8769502859188,2117.0607946269565,1878.7816534347246,1475.0575394498103,1154.9483488213161,1329.1190805616152,1161.23777161963,1424.0910022825137,1805.0143026969308,2148.887748082493,1452.861824107654,2957.338441204064,1806.6876327596838,1428.1314920376878,2875.732168761413,1846.7209255894138,1684.7429910799635,2363.769813851857,1334.7939909478168,2011.4060293562027,2139.8148563537347,1277.4177962928406
201208,2559.7484276729556,3135.7319733875056,1864.6353974363078,1307.5899361658355,1419.9203735575497,2037.7535535447103,1997.5621767952837,1540.5009923751463,1178.8995410366633,1344.2584979087294,1150.5744426341266,1406.4764396326655,1886.2027659943137,1978.9556026786615,1424.7758902958783,2884.141436497825,1818.9565881067347,1334.562384327028,2728.207193982531,1852.5361956661673,1729.2356819802314,2283.6209882060643,1338.7659363796804,1904.355070292332,1926.460502575229,1320.9716140302367
201209,2323.164599396581,3397.6256690214645,2060.228475870287,1278.9085240262766,1451.1313251732665,1827.0937165897305,1933.291911136026,1392.0074593379777,1138.3120335085032,1313.2826783888245,1168.7159482449313,1488.9182029324581,1818.410116410138,2140.2235184057295,1420.9417166024705,2823.1685948122695,1808.8572403148999,1404.376167358336,2892.5651554429182,1854.4869627617843,1711.7990669361138,2258.63820395802,1407.5156116213914,1900.169867031372,1821.832403209177,1275.0766207633337
201210,1048.9757475865317,3320.6577041674404,1962.4720389791576,1299.2516577717072,1482.1575435762265,1491.4532068594465,2040.189006186528,1386.3662478627011,1146.6312073204517,1328.5611596762944,1143.9285423241158,1491.1839563015817,1929.0388390594367,1948.2819262876565,1483.738397208457,2899.8820350672445,1818.0827521019019,1402.7671226361624,2849.1349149284983,2017.0133144924478,1740.7201864585923,2601.4829305102826,1438.5466548465117,1886.502954695215,1947.2111466411206,1321.7857326915134
201211,3500.0000000000005,3329.498764049296,1933.932187556238,1361.6415234466554,1505.4401345958483,1431.8982809608153,2043.987470661453,1444.8648974651621,1121.4648749577018,1320.5735209427576,1175.2074877376465,1428.8339945547834,1904.204632192017,2302.8264459219217,1447.0704160474254,2881.861620195149,1846.713760147884,1394.1393663573401,2857.2449134862345,1814.3976438460825,1730.417348687339,2560.274868938128,1430.7230697009986,1926.549873846118,1861.0178854897968,1290.3406045877512
201212,1855.2088113813677,3312.723727122577,1917.350273244009,1323.8044148177548,1500.5467198048232,1908.6784951359127,2124.5262459182513,1425.7057220254192,1143.2220064225987,1313.3505083763118,1157.368331694412,1480.7249465122984,2236.924374467116,2329.2132359965162,1473.3379738843935,2887.837840684171,1823.222030923207,1419.2373898252276,2814.56555783671,1809.8931191725342,1733.2978829365077,2497.7447404058557,1543.8264098685534,1883.892849471149,1780.5610353309326,1277.852846142741
201301,4447.458866544789,3442.7599550478094,1904.7989813062995,1300.0879777092505,1475.2149513650213,1901.096029000487,2008.5881983944123,1448.1826318020708,1111.6568666749704,1307.412657258584,1166.3989424597103,1351.5511403789128,1894.3403355079083,2623.301861218828,1463.7217490070127,3004.0371285437695,1817.6566389931106,1407.6829128542454,2717.8643276308385,1853.324922748313,1878.9118990806217,2224.8011250251875,1449.560169003145,1930.8811368269655,1838.5520145151454,1301.8587536603736
201302,3169.2737945234944,3299.4039302178453,1992.3358659134674,1299.3074409112571,1485.9663733671828,1659.5559878989818,2054.4200246719524,1403.9211303453876,1144.4595830500568,1324.5645698342714,1198.3652366400493,1400.0838406726975,1924.7170898306629,2331.228432138953,1552.6295294460206,2720.503419273397,1824.415368484603,1463.3361265021938,2873.5064139804103,1814.5554407549166,1757.819148479925,2310.4483687080497,1497.8206768307305,1883.3299314467067,1892.5420093611224,1343.6219192852377
201303,3570.949233298661,3277.982686362143,1947.6213981765684,1341.8611561423659,1509.2692691578045,1614.5541815933198,2040.0176729314444,1443.2743733697398,1145.7797573442217,1322.1695972587052,1165.2642948499624,1464.6362084609596,1910.3147855543332,2318.614634425259,1488.0215444705573,2925.6895921930914,1873.5612725763729,1414.230483593204,2742.514419905771,1870.4962821694942,1853.2520125058713,2263.546502850703,1409.5183791768382,1849.878650007574,1892.9724971521364,1311.8103235666417
201304,3626.3127873032918,3323.818208505315,1933.49919165031,1372.1490717940408,1479.4081802181424,1586.2329360482966,2083.735330108371,1432.583474607496,1188.248331064527,1318.8952332436036,1168.1166275050512,1485.1064707644996,1977.069270677039,2151.8932458628465,1410.637906754493,2920.068881278418,1904.1331454581095,1432.899203017183,2940.2419347608347,1925.8819352635467,1732.3801300590462,2158.3161618827526,1450.2693227981977,1745.30219051936,1780.7321856277936,1301.1973337542527
201305,3412.3309822081574,3197.745772364236,1821.5448492376725,1366.4321168070458,1481.1740355779089,1534.9900180928726,2069.36521450035,1482.6989502841334,1181.3800702939134,1446.8900811029778,1176.3043988124352,1461.2130600370701,1910.7023351000923,2122.84296829089,1589.5858181736185,2981.0712906178646,1944.8960915554553,1450.4874654186112,2766.7976527944165,1894.2122863978425,1748.5087369531545,2329.7197322518746,1447.9077657300727,1734.1925419674976,2008.8914157754766,1306.4882931616612
201306,5453.925811437403,3393.4081485416464,1806.9402693120228,1346.325590054977,1486.9223320657006,1467.9775006057387,2033.6970092828517,1401.2650650016562,1132.57598083798,1324.4202652018764,1166.3359795142253,1474.6423831347379,1871.0304177847268,2152.311511442342,1478.594322731788,2827.7964035057967,1786.4710145534714,1410.2120922619574,2652.5766869834733,1812.9922299755024,1707.4995407514336,2209.4454037158494,1403.4084327940068,1798.8201428846528,2028.892701766263,1321.6980652174966
201307,2643.8560885608854,3232.144844725917,1800.1805305997304,1295.2113756430906,1457.0321200800395,1779.4775300243807,2026.9396056554672,1449.2051081671968,1150.5395757217216,1307.1592489577033,1159.6242997360077,1497.9699965401694,1906.3622340608886,2189.356966137629,1454.5571577096264,2812.071186711229,1851.5639507163735,1376.4881868127059,2621.64981099707,1598.7648975497875,1864.4948174695505,2376.1745299560725,1406.1593136322763,1960.7828854483182,1946.4016533523861,1315.8923466446008
201308,1912.2516556291391,3363.3420188419714,1844.709918817504,1306.064190900371,1493.9562612692635,1514.0992021185878,2014.9469056823632,1478.9722744115097,1156.348779792585,1332.4945494260414,1185.3755061278403,1559.3650428480264,1828.4097788007866,1994.8223836077607,1453.997752256666,3011.2564230709795,1912.3830325855713,1435.709773979149,2942.7645276206495,1742.0771930155477,1702.7432716221397,2355.899256053399,1335.6298124630025,1855.1350810501183,1875.7129419292542,1319.32361085155
201309,3764.721672314867,3366.2983358744027,1920.2629242054077,1359.4970965383545,1513.1126858375476,1532.8729594073232,2052.087838871149,1519.186702101971,1191.1261311985295,1362.5361392207144,1207.7156303320137,1472.63237991263,1953.050793396013,2018.6589519833776,1490.244369886978,2819.251903124632,1957.9566567244578,1460.3326582926672,2767.801959882716,1905.8393753176485,1706.5976582182143,2301.8473208557534,1415.7164263305585,1844.5913573429712,2034.8921492932325,1340.0987991608333
201310,2645.9515701853948,3319.1324918765245,1860.115920579309,1383.9042086023137,1544.5220050553762,1509.3119443541964,2033.8319104396387,1446.1713628727061,1271.0600141799616,1375.183144004413,1205.9016850534388,1505.8583627449727,1948.8821433790063,2016.8807833411531,1450.0418469269384,2838.980713780377,2010.2417969548612,1469.7852087906044,2815.195152583686,1872.507868678383,1778.0760133856807,2306.69801530474,1454.461560759305,1821.9729374793037,2053.3790367065353,1340.859061146975
201311,2326.624293785311,3281.6602414402705,1889.2717367125947,1349.9313523897874,1554.5745906518937,1542.1618703891297,2053.592301819352,1467.175692817635,1252.1258357402726,1362.3333786640837,1220.5041567028527,1505.4279402474733,1957.1710067046026,1956.2340396488871,1456.0814202587687,2873.3772095218287,1931.2530652756946,1466.750836769945,2914.542794778481,1838.9807850579168,1715.5417719025668,2319.8636278084896,1312.570106653186,1776.0837635601135,2134.2987199823647,1307.7646821422593
201312,2053.4721400686144,3518.320873823862,1988.0203148545402,1321.0564735705277,1494.8795486881988,1497.2470709792235,2090.211550508152,1484.56134464221,1843.1761661992366,1414.3539450143169,1219.0413035405631,1488.295884906706,1912.7901311114329,2013.6023494339977,1470.9293958022454,2933.5079927821353,2059.119802979529,1470.6142945568588,2860.6396654182286,1877.3970499942359,1829.4998885000798,2512.417345171234,1505.4157674962437,1835.568439371209,2085.8638591530507,1296.2415855633335
201401,1764.3414410279945,3416.3139455874093,1943.2203864040941,1413.2033670821422,1514.8840963157868,1584.298273550923,2084.445198510268,1477.5137000155837,1238.0751153571912,1384.271760505354,1237.3304489926838,1587.2894636974665,1927.7827569384592,2014.2348177380425,1491.913119251106,3044.5371332556897,1982.6834038937561,1487.2426787174913,2844.20077032523,1926.29523317761,1771.0476139211696,2393.9118639843114,1364.4348906122866,1866.5223280009468,2044.981606462702,1357.228285769123
201402,3958.494111331074,3419.6102124779086,1959.1601535962855,1413.2967410257222,1572.71211075029,1546.4628087271485,2206.742922835131,1435.7906602809458,1227.6982688513256,1385.7420225129442,1233.3425390456928,1485.4746544178033,1936.4430031888974,2028.2909517725775,1524.2408608507021,2972.5028250172136,2074.4265178457713,1462.4039985058441,2784.1589704174103,1910.4933865492562,2126.3886058554535,3237.533296305744,1389.1466755410065,1819.5331109793747,2012.7049197775711,1386.6862978590368
201403,2495.588605999496,3328.289712442511,1900.3455257613223,1310.8842232120114,1521.3643281502027,1549.4246338587195,2122.5409266148845,1416.2953134855056,1244.3103297520777,1355.6187377897677,1228.3947500904458,1498.2921522434547,1904.5928051916815,2008.4263134679832,1459.9611238633254,2911.8300015758277,2014.3694399010537,1501.0746262324024,2694.038812908107,1827.2129210019552,1777.0107609111622,2487.225101866146,1424.49951111276,1830.9403728648015,1950.6636230347142,1340.2793234763446
201404,2372.417982989064,3376.8401705202996,1940.1630632031486,1379.99318012227,1530.8578177307916,1542.34276867297,2058.437313740275,1539.6565532453592,1239.07692251655,1384.0940831799153,1228.0342006025091,1531.212756834571,1947.4892998046003,1982.0825021301503,1510.6409824490504,2844.667681071849,1994.0594696450496,1519.2827963181367,2786.014449368806,1846.1422105012534,1780.870099430623,2851.5847715065343,1393.2611793857382,2036.8414089011105,2006.4169259986486,1344.0852097481793
201405,3728.3747204895844,3426.105145153601,1942.832358728907,1422.513153873877,1486.631182778557,1617.2164415435493,2142.944903733708,1506.514812948833,1243.7252669051009,1379.2399573979235,1181.5074687743686,1586.1631167623098,1894.7489575317388,2014.5117584373047,1531.8038610811834,2896.8689778223384,1959.434763691719,1534.9033552900712,2668.172428481079,1848.7714985158796,1722.9238139139818,2325.4430833056263,1449.3588337109607,1868.823111197727,1977.647812631749,1335.2107216648114
201406,2461.605967529618,3451.3758867735373,1955.1210224147653,1387.1883447681641,1492.9988385260692,1783.478117318726,2071.1638023601713,1492.7771107805968,1228.0914928163043,1368.3667457838926,1209.3369558036334,1559.1916508690201,1930.4912986939175,1961.8266324490105,1525.7463184671458,2972.5469711250244,1920.7500178657235,1516.6996077211672,2709.1973430659955,1870.466868597351,1759.064559085335,2360.0192203589872,1388.7441745129427,1937.5462666376682,1984.8519182868356,1309.01880098981
201407,2523.6427320490366,3470.1016416221614,1995.8940045061634,1399.701751729631,1508.9898010977874,1582.6511890227653,2146.78053496252,1577.8457294636623,1280.775804315806,1371.3286989366334,1232.9666801950268,1538.0584096827602,1940.5305563194975,2097.255338967677,1596.854872554381,3043.7055961285723,1988.204881684262,1517.5235619438922,2719.433372720898,1867.825680174916,1831.0697011925313,2365.7535766061164,1419.4508771666742,2097.184158152662,2037.0361916873355,1316.385146201869
201408,4257.343960217877,3512.5803412201703,1953.0457825065155,1382.4209303575408,1589.5425307505209,1584.6201249472492,2160.9385880600666,1492.5502316264642,1436.5643462625221,1403.098969662499,1232.4297929996658,1650.0922184552937,1977.593771759379,2089.7869092243136,1600.9535826048295,3101.06951384271,2111.983828599246,1485.3317026739733,2766.1622987487144,1954.2459387911967,1791.974884537164,2471.8684516975563,1424.3322959615787,1908.172774806986,2055.556143353901,1366.530111845596
201409,3632.4547448080148,3433.4970833048237,1973.6374310467634,1432.6140883101136,1535.9496782714482,1550.8900652325485,2142.6265523982033,1495.286928603111,1730.4910284405316,1386.5342841090114,1239.181063255199,1579.466880466965,2000.0607676633438,2060.4608685316102,1632.1056128645703,3094.9247570897246,2068.3597507635413,1497.3342046914986,2788.571485461332,2075.8533982716485,1840.5264218809907,2421.762573882059,1419.6509164638653,1906.5263608767943,1985.0565485901668,1365.386225289576
201410,3692.1576686762523,3371.747874216561,1940.1454404532508,1424.104820901215,1582.503352708314,1619.554899376377,2244.828280976764,1468.2538461933555,1546.391513954188,1394.9715044734176,1226.335777641065,1573.2693051341932,1944.8019730800006,2016.3290263161832,1748.8591023610866,3067.8719920398175,2091.6993206207453,1521.664875289987,2775.1571394291423,1882.7382321593136,1926.9209921178044,2549.917305211478,1471.4281957738463,2002.4244604854669,2015.4649242995633,1355.3153462681244
201411,4096.902996342649,3437.717552667036,1931.015954073751,1374.6112000548437,1569.6896680934678,1608.3002888396823,2240.7153945453333,1454.642769434778,1631.6350229111727,1421.260459735363,1257.9805587328408,1583.0280073247782,1934.0101154778954,2034.790527750102,1627.7516918141555,3003.6542837230836,2078.251633493536,1483.8707121579218,2567.3509931968047,1798.5979778997848,1880.1746143694552,2385.677443453016,1662.594814629304,1874.1351928823565,1989.5878160616603,1412.3502013059613
201412,1732.4350336862365,3552.631960042823,2122.1843934427243,1378.8579876612207,1575.1869137989056,1683.6820244688377,2226.950288408727,1529.6762998464997,1498.2490599351538,1437.8282231182625,1241.9990481005257,1596.8772897313183,1952.798721730294,2073.199465902614,1608.049201922008,3104.1430977915475,2104.760318623256,1540.3525615904007,2699.592482501039,1817.6685998474084,1979.1779526161913,2406.5835059854735,1664.8457451341046,1940.377884951774,2067.837845082919,1395.9280545081538
201501,2575.7171447631754,3570.523872462332,1980.8930621747231,1488.6165460324971,1545.9067084991384,1644.5275391402636,2244.7439601969577,1479.6185754179885,1764.4502840046564,1413.5816080423735,1248.1064308058847,1576.2448580447183,1981.1376329468592,2070.182896065119,1640.3733352847432,3178.496517554385,2042.5697928887062,1510.7531004783818,2708.2221599312584,1807.1889780040538,1842.8689517825717,2682.042669218997,1539.2995907292848,1810.1014945547042,2149.0362971029476,1387.4327221218898
201502,2386.1354797865606,3616.0329019407495,2028.770534888984,1511.4320745390528,1598.7022143973886,1621.1190726955206,2194.239662659558,1518.2445746710312,1805.6862699349217,1419.183055856205,1312.6924407003867,1551.6678059957117,1992.4664693092516,2132.126532070644,1625.6830817894192,3127.399507435383,2057.154902826282,1551.6205678060267,2742.4875324074783,1865.2573919295874,1782.1033143012485,2649.908506171991,1520.862462580541,1899.2438027715546,2056.2273142012314,1369.543068103902
201503,4058.4912321996,3646.3844495082885,2073.657168533172,1491.5181235687428,1580.1504676210172,1682.4457746522646,2217.2767989826693,1489.4139341946234,1531.8069769285894,1432.2809190208236,1270.605127434629,1557.7012125842543,1992.6272042792932,2105.757885958385,1611.5391056749295,3248.8240685330943,2118.7112490732216,1569.4333217857911,2783.1537430197804,1918.7555339719702,1854.7867203481708,2543.8178033357194,1551.0965577554541,2042.6928274104762,2088.0481386279625,1367.5016156933962
201504,2119.780842622331,3747.290810853512,2144.931749197321,1546.5763410544666,1642.284234346862,1661.4244953835187,2173.6081843814068,1519.2910277258163,1381.2973579686432,1440.6617315924943,1261.3186332614266,1600.0472802702234,1995.4560905829642,2107.295912794197,1637.5285989189422,3193.8905381395193,2301.3811057020966,1567.6054212825866,2831.7429548928103,1915.396917084053,1902.2132762005522,2618.912674669745,1513.7732948009548,1964.2374912716018,2058.027638295875,1392.5394865193641
201505,3430.370712456442,3887.325524019131,2053.8261594221312,1582.0795127600363,1623.0548275777262,1608.7541529494997,2276.8460001450117,1491.1059438771558,1482.9222482098342,1445.3398745046684,1295.3635526946675,1608.931661412479,1987.8479365578542,2174.7038734851744,1629.6265895307133,3214.8028929824827,2192.703259700525,1566.3124118202152,2930.593707284783,1882.0383663115304,1838.5665107705188,2611.449003125261,1522.6631859685353,2048.5150864860807,2153.194995134265,1397.3085335948838
201506,3503.009027081244,3732.750152692552,2125.285287563214,1518.441263983667,1627.2156732526862,1630.2076759805798,2268.7427428846245,1531.6818393168553,1345.6831360086005,1440.4787417636635,1296.9058946877888,1601.9669931489834,2075.5674654288355,2197.5699168662973,1712.7730852160823,3302.5943379430464,2119.5695763333633,1578.433351921826,2846.003593410358,2040.187136883787,1805.1401853282791,2594.251054698531,1532.780749041586,1865.8515471544601,2055.5356121388463,1424.2764806374191
201507,2044.8540513336686,3935.859185227883,2137.599821195165,1567.2759109609838,1668.3238906340111,1636.7251320304592,2391.17922383854,1517.0752640765213,1380.1382624473563,1462.4921339704688,1288.1605165585422,1647.8486704324725,2069.0258725277135,2205.0653494636435,1714.1380135083002,3311.994694901034,2171.2777910088353,1562.8983125305172,2863.87442006989,1972.8152603567291,1892.9188924868863,2698.324000026749,1517.9251601878364,2038.4252597497616,2046.5419242854991,1433.438856734711
201508,2018.953934740883,3724.057095188134,2166.108374345956,1590.6823860399718,1717.1439729624576,1624.896384242505,2245.6043924172513,1568.4665268340186,1405.2182704055251,1458.4333332594804,1319.8526409056205,1683.0532163741636,2088.1598337953146,2165.676951275717,1715.3783495901241,3188.680975168828,2207.2501092365223,1623.0719172462013,2865.7862363390173,1920.8577267807052,1922.6913491693865,2775.720531834431,1622.4543584436963,1915.252000052447,2095.174392960406,1474.1300047948591
201509,4407.021669746346,3875.4722087026416,2202.4527103811793,1599.2205833459034,1841.255934173211,1659.5495300827397,2316.987507247523,1608.4701819184527,1399.2401558755898,1500.2305327087183,1307.464694226117,1665.026291696213,2605.268948684261,2223.50575230817,1628.3307003982545,3357.0737422731777,2167.9161654842133,1635.9877210736718,2997.2742288158925,2018.885424763956,1891.6157186041403,2687.8682396274708,1541.826198198244,1943.4576846994241,2150.3851237695085,1493.0235915689655
201510,2372.5129576993813,3916.0256262291455,2221.5544254729293,1618.3724824188357,1820.4669039814914,1720.429584362283,2332.0988433957255,1572.4948423568185,1482.872710556667,1514.553490493905,1340.3870221770258,1722.3579933330343,2202.774039007601,2341.7488248376944,1743.2550843080496,3354.365686697657,2205.095570313487,1655.3094488226823,3055.28212131391,2132.441829501505,1931.4660012603686,2755.355655783344,1548.6737033315437,1945.5686835355193,2182.9481363942386,1739.6083249243518
201511,4909.090909090909,4005.341439854882,2180.5451558621485,1511.9758995761565,1786.3804047465856,1729.2055219876108,2389.319870128156,1582.207762868227,1518.684948315933,1515.6769827524927,1375.4012466475679,1737.3888675830528,2150.2770058899905,2343.586353371163,1714.6522702293232,3430.1112610834152,2339.9092351224285,1636.4530557139267,3080.6772907059303,2239.0775564969244,1936.7254499502587,3006.996549954786,1564.5057304676918,2054.5610992926877,2196.6386520034985,1658.0215547769178
201512,2197.8021978021975,3816.119756158904,2164.4645013146164,1493.1629761411034,1725.5388704126547,1786.9706199635368,2362.854305790196,1609.0415742817809,1515.654431524986,1503.2233528291424,1386.4551783465674,1712.4469611865316,2128.4817594302417,2264.5083565960763,1712.6798599396504,3347.587578176131,2276.1122428674103,1698.8545423012474,2820.6989166153594,2036.9073580868478,1926.9908143312825,2807.850376296347,1564.840796648147,2185.4679411452666,2191.50501280105,1650.685857338564
201601,2518.941535677937,3905.9613151488443,2262.5236597002445,1453.706435472563,1779.2783924872488,1718.1390590503693,2360.9784572699073,1619.9519575534632,1408.6661370845036,1536.1761934123012,1345.5269120378334,1749.7015235898584,2186.0941342887136,2275.1646055737733,1727.8841578356748,3236.0174649240134,2178.578987006467,1657.1328410623748,2797.8323829560886,1905.995498066124,1935.7836657538885,2747.325120136529,1568.6388807229025,2143.6973378698644,2151.396216408517,1557.5555993845187
201602,1833.3333333333333,4127.302360444198,2232.6312906873873,1481.8595147880176,1804.6575091814766,1793.346063505841,2231.9740226671793,1602.1076539392807,1518.583447409794,1557.0247285560756,1338.6435381894528,1747.860922056984,2278.5944114520444,2128.848846652593,1876.3720656909682,3274.1745293947165,2248.473412700919,1614.987036128784,2751.509576387368,1933.4243412284295,1942.3736485350914,2971.7848572946377,1512.2191564974655,2024.7767362996724,2110.626736536925,1537.8047433992665
201603,1995.723885155773,4313.299196677196,2289.0619625193276,1499.3395291959657,1783.0380739552634,1723.3879632304545,2179.4666761084245,1567.9992969224836,1480.325378969729,1510.5777375890384,1369.3678484507516,1733.3722615895497,2146.622938642763,2188.1893223314505,1851.859502666854,3548.803714794892,2340.0848409420714,1650.2309158742482,3054.609091970641,1885.5612756289647,1962.3593329541734,2828.087412047351,1616.0193348893024,2213.0157650606266,2152.210082591142,1528.7061224562747
201604,2364.7076783896864,4146.1280797567715,2439.434884136015,1496.7674095247448,1858.6850969100278,1825.9780116352977,2354.1141817845537,1609.0983740408117,1461.3631665137677,1533.179288874397,1381.2153285642419,1805.5490149435325,2160.701550657426,2287.0254220143765,1774.1926266805303,3595.9672258263804,2224.047345831509,1707.532227910048,3202.846544915328,2166.6924047449156,2030.0399319690187,2757.3209683674586,1650.0809570255228,1899.3126056961357,2163.3900984221455,1539.2139233029682
201605,4544.444444444444,4192.744317967249,2330.7262268690133,1550.9739393932373,1864.0115906312049,1742.6900088040197,2407.9873995172866,1708.7854589072397,1467.024506343407,1521.260753644083,1388.7050384232907,1806.7520400011967,2214.557022192124,2297.386531946942,1738.8646698899533,3701.474572522134,2327.7212314999165,1703.404428798428,3281.502564736395,2256.9766262485964,2041.6278258953644,3286.88919661763,1735.2480485209057,2163.950637352846,2185.943574310821,1530.6160201992377
201606,4475.138121546961,4272.163138230738,2310.09338948172,1614.8270517976337,1970.354941748522,1796.61692682683,2334.941490709866,1711.4452557789818,1524.2088089922609,1547.1288381546105,1380.8285854577205,1813.089768579145,2287.178440069566,2378.293567126078,1827.5141922998096,3809.893686052722,2357.6031147461913,1705.5841196050349,3151.4328652833615,2355.8896518019496,2086.1254743115583,2991.330670320495,1656.9802969475595,2035.4547468465455,2259.6611279663434,1542.8290775806183
201607,1927.2540983606557,4224.229565825432,2300.6750861473943,1642.1766853407014,1965.8065621202882,1990.5098389145787,2395.2520621504755,1668.4968777021832,1484.531799327112,1577.8257242211087,1421.1386104069281,1808.299369160526,2288.0395314602038,2462.750701025855,1833.759627512151,3693.846637557081,2341.7820613562913,1746.1908303452428,3090.4500804921922,2158.395307189535,2029.6004794733115,3056.5235860820944,1696.0793048074117,2034.8773117286219,2249.3899242402176,1565.542261318953
201608,1676.1416589002795,4444.18439111998,2306.294263175089,1617.3479277628478,1964.4206757139568,1808.0100844228375,2331.5142152636035,1672.0927298248448,1486.5941487282562,1564.777253655579,1425.5077243974936,1897.774312798191,2319.9588572924245,2534.341393396692,1834.9967055468685,3833.660820182717,2421.613483155894,1693.2852088643283,3117.363957145934,2322.7460237426535,2117.651964842925,3022.019050225058,1668.9241501105628,2128.938145050269,2275.5751796386185,1548.655035406738
201609,5509.090909090909,4399.659488578254,2223.983763870422,1659.9083299758317,2041.68410821258,1822.2419480723036,2407.6064173999594,1716.9088397300022,1484.588837409288,1612.6439855429398,1445.2601913896883,1883.3040684784712,2276.997744054047,2539.9228355694636,1928.1939181865027,3812.725793629453,2463.2717856113986,1737.19209050625,3194.9898182214374,2241.7964345567248,2144.1524878704035,2832.2204588613827,1670.263841809103,2158.2430321491756,2346.9983283865135,1567.2138119969295
201610,3925.346574066332,4257.246125594153,2283.7595999429213,1644.9141476071034,2036.231973575094,1808.9399870203358,2430.646785985957,1752.4816635894788,1536.6905929653828,1665.808073200892,1463.5028868132542,1873.4784742464815,2337.527932514299,2584.525657641508,1987.5976939866582,3858.395438168927,2541.70850681173,1786.7987736875702,3130.106604322808,2254.0967189534676,2166.638404939129,3044.9481368129873,1675.9443994015257,2186.5470150836713,2347.5744829590526,1555.3188673696231
201611,3790.4514582500997,3972.87107946831,2213.611299390514,1684.426208534342,1966.1155081014301,1871.9012344870978,2441.839018565611,1725.8114052221965,1495.1334390122943,1645.264284247499,1476.625577247817,1945.9539913572935,2349.6140199375222,2613.823796286782,1943.202632807584,3548.9124892129616,2444.81927605869,1766.356702189823,2875.1397138228426,2024.4360323154112,2172.139566080928,2921.819941292336,1773.801417099232,2245.505517743732,2409.9420064052056,1557.4182719508926
201612,3981.0470184793753,4518.208102127341,2309.220407317783,1614.4011028479017,1980.7011870661377,1850.1759637063046,2459.9056500872352,1725.266728800989,1477.1586807478259,1631.7957581411622,1461.8285575466666,1923.1329794291025,2294.169931622074,2583.8176957517744,1903.2795136907687,3476.71906354502,2366.5478995784515,1779.5403826022657,3133.3665843484914,1986.2412063137292,2101.598421303383,3229.7778303981313,1609.1969275317329,2344.3792301435396,2417.5977472717136,1595.345903894951
201701,2901.0989010989006,4643.0346721679825,2420.5039181405928,1588.5905504336183,1988.4395094050044,2163.9340465228715,2301.306032143607,1755.8348121718943,1563.4651036176301,1627.7728399889922,1436.281669892392,1905.033431062719,2320.77214022155,2567.518097216901,1984.6804322811165,3838.2487506177754,2600.947315310742,1693.5479363016466,3035.793341819247,1992.7280159727898,2090.8037825630695,2992.488002810806,1842.5521668616368,2321.8831278905004,2363.16284934285,1593.6986456515874
201702,3325.2258512856147,4846.354898798795,2338.6994999027156,1650.349001254109,2000.843880926936,1895.3839470873043,2320.186362995431,1766.8436562232173,1555.9736895577526,1629.5310090524376,1457.7892503059895,1949.1366770445363,2333.4266655019132,2563.0603410472313,1958.7031472069875,3820.9817835212593,2483.376598552187,1744.499788011094,3150.9053144856525,2092.559515235534,2192.2103148502897,3065.931138104083,1697.7323533582066,2269.0098958288663,2526.694987192129,1585.2966794005802
201703,3021.5370130634337,4622.288686522585,2323.5528444423253,1590.714583565941,2024.7887090547576,1762.2563082173895,2410.122629997657,1774.4499752804954,1549.4049612504318,1615.3946599621138,1453.7226451122617,1911.049110467168,2391.9774761124486,2562.7116256258096,1940.0113472058206,3886.4432777498114,2539.0928117281487,1803.1484723298915,3141.9200390331835,2202.545109758709,2310.664615495402,2995.0383670874094,1732.8933143648205,2312.363565140274,2513.1174205300304,1626.2139580339756
201704,4959.522282782943,4773.203772981117,2504.9018857813007,1671.7859880932942,2038.6793457335768,1769.434463961459,2497.713976660894,1747.6119810997063,1599.5445800824966,1637.5560730116963,1495.1726530289025,1935.8575392999999,2415.05654945541,2667.3395540259667,2082.238904520604,3963.5864434478676,2628.948310007557,1804.5874305779994,3268.663900028249,2463.216377933215,2273.0753929175207,3044.3910476835003,1756.4527380204877,2151.2250621029175,2429.0626607684753,1617.9186238474265
201705,2922.7218861098977,4835.947367086335,2376.356477685583,1596.4685345447995,2146.902137283185,1845.102624181929,2479.766491307507,1815.952063075178,1537.134110290438,1677.753703131963,1524.4794806878265,2008.59582705014,2412.741177203078,2735.3514159240726,2145.6637396226847,4144.055614385733,2670.6759521802614,1734.046186225918,3407.1305985272943,2671.2867407570943,2295.2515477476936,3269.360026275154,1801.8873756742662,2181.7827504195134,2458.727032629786,1575.969494786962
201706,3149.295493154792,4624.00495812565,2365.9325992925615,1756.0594770553273,2130.833210563366,1819.0769361802963,2523.718382892357,1811.5518661991962,1513.5236999014494,1718.3900237551384,1517.6135386513354,2002.477506129717,2406.4283844046727,2737.757057761489,2172.0300787498813,4165.287109523251,2588.5845354669996,1830.9704074362037,3169.780849951113,2529.356796732387,2332.0794120700357,3217.508566764631,1812.5944247639031,2261.8962496681447,2504.762740931519,1622.535709182712
201707,4780.372560496621,4911.734048713904,2556.5876705501714,1725.3652488533824,2191.812774375546,1925.8241098467468,2668.3661163170814,1836.977227738724,1551.9300713087475,1749.7348567937295,1545.0583144648924,2009.1066776373398,2488.704144593021,2812.7760687802224,2202.6020745374935,4363.374786068784,2674.506624044313,1866.8884032885376,3485.8062293185467,2687.268324776567,2357.8890869679376,3247.2172974453847,1834.9624899128637,2153.625296097246,2388.4688555211314,1650.644509255579
201708,2310.0,4564.422196465262,2473.9242572876133,1683.6456273089564,2091.034390501795,1942.9409301804478,2634.970650631174,1813.9397475754413,1619.3929795796687,1751.6584530517816,1473.688997384022,2288.955608852188,2510.9178854763345,2761.5397385604015,2233.0665900671274,3904.557774628753,2660.981269519849,1873.5665444794547,3260.384306352351,2254.1811364854148,2315.024197155735,3263.431469056613,1782.8477445526073,2269.4100410813494,2465.3989251652674,1651.042080369231
201709,3496.1742201294874,4749.410877423432,2562.6798879271314,1764.5974912546308,2240.7494524706535,2012.7209378520863,2612.5769629528054,1841.324882911466,1686.5752550826523,1772.2196156817595,1536.528431218825,2073.6666208750667,2534.16160191327,2831.01305343339,2314.1196223950133,4161.2533901003735,2884.3099461687825,1897.4483444617792,3778.4073211782265,2459.37106894349,2453.225157597332,3806.947955574896,1902.8130791022143,2459.621898675441,2713.9318748834658,1669.3147036155308
201710,6006.532542481565,4831.660720278021,2568.547429261108,1786.964992592421,2306.1940159067617,1955.6032968370744,2780.4768584056865,1877.4612474430187,1545.238584796158,1806.2850667005866,1533.4331017183576,2060.771550381374,2600.4498463384134,2849.1235221287516,2359.819620107281,4220.532392823139,2848.856577781689,1854.7530812924765,3628.267273991926,2691.81930443919,2466.4510268373533,3458.8438018536895,1901.5958280185423,2364.283503991143,2648.9762725289734,1628.1037040982849
201711,3696.459663377829,5084.431378907311,2712.0320768217352,1739.4773485672342,2354.1879790649755,1969.0099201498467,2856.8880219842954,1889.448005038887,1656.0425850030026,1826.5450303416724,1569.2017618237649,2074.4854885761765,2591.8037961231007,2872.469556965353,2324.2760462403803,4515.276722994969,2989.8698123745844,1927.8878151850963,3821.791111852014,3037.081663610157,2561.4341349405863,3801.532096873773,2019.7012411792482,2379.6338374483144,2712.2995648838723,1716.2525394420438
201712,3306.613226452906,5162.270832960841,2715.0103378702615,1953.1809383028071,2344.011048337239,2025.9484566341412,2895.4616654193314,1944.1366972743801,1745.939896754165,1876.524747039989,1603.095003541076,2158.087564192647,2681.1575154037437,2886.567046216458,2404.617958458326,4360.953952850354,3061.8698121375055,1891.6803612086217,3718.412636960448,2774.016926198051,2633.1371893504415,3622.567330780638,2047.252507084041,2390.787423484412,2700.652810741306,1741.295839795896
201801,4416.931571022252,5291.251762292672,2765.662432932774,1791.9109236719933,2351.8468745157033,2105.5429828690303,2889.0340581720616,1957.8360330031448,1676.8484067832378,1861.677322445807,1566.1219558684486,2088.0642646037422,2714.97551563548,3027.307234992871,2398.164301086188,4580.274082607037,3192.128230160056,1922.0985852340525,3819.6980834147644,2638.2152234051528,2706.505836328887,3466.0716128472955,2080.0239269187423,2443.889130479005,2763.345307854784,1678.0272776472875
201802,2624.5526330739076,5169.732855152964,2723.9363769749984,1821.1127067741659,2369.704810681343,2093.391186717175,2931.3251531865158,1957.5538916895673,1644.2231780054751,1862.5842352857367,1607.3866227046244,2070.862104088809,2802.386014224639,3056.923713972465,2322.9849871203273,4487.2926822477675,3250.7233453128706,1942.67997659733,3780.1427941063926,2393.541327723213,2605.300221779699,3479.85676351008,2056.5040459029506,2428.254232216025,2880.5283306978113,1717.4763244306341
201803,5182.926829268293,5679.4466280412,2770.367566678653,1825.416411536735,2271.533914365375,2124.529710989675,2922.7513319014943,1925.416125374093,1680.4859409037606,1844.031351482045,1593.0229567391282,2112.4961435550263,2748.723192614804,3035.9936855614783,2205.5869949812995,4277.61491894636,3160.7888128430104,1944.5063595001718,3744.038659455119,2216.621574379431,2578.0683747686417,3728.14968405556,2100.556162665266,2395.5368170266665,2821.011316069094,1700.7668509596506
201804,4554.960682616696,5470.720691994065,2968.3978543611447,1819.2668651063354,2308.0030861598952,2059.897790958357,2906.9491482831913,1912.6658301534085,1779.9282187585122,1826.2832684016578,1563.215174882924,2184.488140020027,2727.5127250855785,3122.373539942732,2303.0335248315037,4367.21169459984,3263.749642974127,1962.1761029858244,3623.3155895643285,2217.4208326882913,2677.7392797912294,4021.411399596304,2007.343646105183,2345.639707564998,2894.312410192739,1698.6914878841185
201805,2925.6649238463283,5311.540162719205,2735.5872756589342,1809.2200973826298,2380.1624903695174,2083.233604083348,2767.1358545164285,1936.6580814156368,1636.037212379258,1829.96676741007,1609.1170723037549,2189.1966625860714,2760.519955048035,3181.624253843064,2202.6365303395683,4676.272098651529,3400.403272157688,1975.7109979026384,3681.8953262387786,2361.500117198124,2740.1933849969932,3609.8799578314097,2047.7108538676428,2258.219543253251,2774.639616568396,1749.3938643648653
201806,2576.089816682747,5330.106235729403,2714.827884502491,1885.3556994568628,2351.7728764631215,2148.1683865829636,2878.6884195243683,2005.275079334716,1768.976453636775,1856.3022717501854,1639.931237637761,2364.2671265815284,2927.554523332381,3119.5391989939676,2406.5074454875776,4978.819732698147,3331.031794108686,1953.7256072811833,3906.7496105244486,2571.3054101364046,2760.8623373158925,3718.7831815012737,2017.669385598192,2510.936220501591,2879.2119098870635,1754.2566681509252
201807,5074.1642413862555,5952.111500190669,2893.6581234536043,1873.6825824907141,2475.8893510871644,2127.552161704591,3146.5396622990747,2069.687805046083,1739.0614124793585,1951.374538207569,1656.3049346295973,2377.980994795039,3028.012601093031,3485.9535080059163,2331.290619716219,5264.381967807998,3606.164438759547,2030.4922884768293,4726.106035967495,3086.1583395390794,2985.308407245917,4205.16312665925,2031.4971434781621,2489.950482366682,3036.7300381282057,1748.4847448018295
201808,6412.694898227175,6176.663980757091,3034.954592680396,1889.052744356702,2546.0591033257715,2156.526818053012,3441.0657005389303,2002.3452794118157,1728.5225556207993,1905.9551555025505,1619.0742817797552,2579.6800907150455,3179.6874126575176,3638.377892695557,2631.586968151267,5637.843071476649,3715.2929970242762,2031.6049058315784,4272.872169154485,3166.272040763195,2977.2237624614427,4263.900105400409,1993.5247291331525,2546.16476195171,3034.2539143972112,1814.5959794263401
201809,2820.1530612244896,5857.967328302494,3071.6850017050288,1938.6243843814416,2600.7250131298565,2266.547401375571,3509.157573892696,1988.5576682804417,1637.461973606961,1969.9694691619902,1683.9681786514639,2572.1857863992973,3248.2720797275756,3538.252360177284,2611.7802989507054,5256.700672027669,3912.6366992561216,2167.806834281729,4333.561020739758,2749.395733754263,3170.197193804274,4405.67315312309,2019.5267206792525,2411.18918297719,3173.6647683597557,1934.7135702882845
201810,4081.272084805653,5714.136578857616,2912.363776442387,1975.1639982587083,2546.527655557697,2424.6201581124833,3344.731652188305,2005.9828080975276,1762.9607057744947,2112.9847188254594,1743.3175484914036,2446.1044044512228,3161.1841159978385,3617.076670775899,2448.2321605603333,4600.9428907552365,3815.9003323943857,2244.6672677794713,3578.257519078644,2582.981585042662,3049.84057272369,4591.550767972557,1998.2834181211642,2449.2358385674333,3015.3901360436407,1974.784694872364
201811,3403.2121724429417,5608.432411844563,2904.0926347392433,2064.935912286532,2502.5418855216453,2347.887869126536,3359.820557892734,2104.8375037653373,1773.178150056399,2058.0647950397224,1699.1143443321062,2391.294589798132,3125.8367747334687,3271.633630754504,2326.401468181604,5183.59820799537,3515.93588035719,2135.7592841843384,3812.2282124338153,2597.3353469339236,2942.9228587593952,4843.839784830292,2006.1171554603686,2371.8302568398467,2987.396963467223,1913.4471412080115
201812,2905.66037735849,4941.371084163346,2748.589885876463,1956.8315473542393,2252.60979737229,2391.9785832529346,3043.6950271661594,2040.9578091196818,1955.3863965513572,2059.4908658726986,1733.2335603977838,2535.0890346829838,3114.7600704744946,3286.746423292014,2732.988457034134,4450.61052166941,4038.8631457907604,2268.3581997829574,3855.9463144992433,2495.465941764291,2898.1297936453884,4356.991360584506,2036.85948189404,2400.062906387134,2991.2308595491436,1973.2473869382798
201901,7307.989128611213,5746.6977726986,3378.317015690128,1837.7434146199773,2450.4301246530445,2216.424800201188,2792.258827522299,1999.2309812067529,1823.638143830015,1976.670277302692,1721.474996143179,2583.066138684491,2960.851391467563,3647.3536144833415,2422.64988285633,4261.265072640948,3744.8137190295283,2213.1075295415276,4195.216884859239,2829.8733143323207,2985.469429686941,5059.9354007947295,2136.0021535748524,2682.2466567110882,2936.953283454906,1890.3189124379076
201902,2722.6715969493875,5723.338469704608,3005.663132618613,2088.2390177715242,2469.5995810401046,2379.4770918944173,3069.075696578417,1987.740851315296,1711.6573831801893,2022.7095045823307,1727.086370267935,2585.6580062468065,2873.6873287342905,3838.873171177534,2486.1489800343643,4975.9816370379785,3978.9386509931846,2188.6260079276817,4455.212787156222,2771.5599623121493,2953.0670856084125,4984.275166333391,2142.840315580078,2695.66433578426,2948.262322221622,2007.834288200551
201903,3481.0126582278476,6248.78047459854,2897.7458337810945,1930.8247360368325,2463.6513075806,2299.0822388503966,3092.4517558174657,2047.0926080324289,1824.2110454524936,2017.0883975720685,1711.5823376254905,2574.337080251835,2839.2863972638074,3816.844452844503,2573.307598141535,5569.980911667302,3516.548172524505,2211.0580580787355,5043.339588639893,2901.6006017585887,3046.448022729178,4431.142297835721,2147.891183578928,2531.9472866625947,2981.409441341344,1946.522592557695
201904,6679.558011049724,6388.559173742182,3102.409403406835,1971.5445372304675,2497.4047139193053,2335.498871605629,3314.3305903440387,2019.9929426268568,1755.7225824806458,2033.1635621035505,1752.4666564876832,2674.9184224296946,3305.154597518834,3613.98285098886,2593.032534902086,5478.075030018424,3813.4621546231374,2222.958168849065,4679.537372127038,3128.2342287869783,3375.5635870645656,4565.446668829469,2106.0468314381183,2632.431764855585,3288.429103262543,2066.1452707566
201905,7280.307351608898,6679.521866506903,3292.9793873981657,2043.626551403038,2682.218093600105,2254.275136801225,3408.6014641586276,2218.5736089808847,2170.331825200617,2122.9810401292007,1770.5602373749393,2574.6203637068884,3370.3115876356032,3815.7308896825643,2730.6348531656668,5782.132360847111,3766.1075395803487,2320.897335515602,4860.407266357509,3508.417064327584,3322.1653405225097,5092.191447103562,2195.93579865188,2648.2769756418434,3119.0579870070605,2078.0885754166893
201906,7321.100917431192,6667.656436716719,3346.1467939771696,1984.3096295303233,2713.0848409130967,2564.708408314789,3524.4808608899516,2184.9756411738026,2034.4570151490555,2244.8053768522377,1828.2046451518618,2809.580831143222,3454.446369764825,3968.032680428465,3008.7108709243394,5987.348544157283,4104.538596715273,2314.7031587447773,4786.492115054866,3834.252696293626,3635.174868803232,4786.585817468891,2180.6389621168355,3002.3559791071684,3202.715489279202,1984.9042863967336
201907,5022.483569699065,6693.3117494102635,3304.647253226617,2029.9031044951441,2936.4212555579647,2565.445905352313,3634.957291701441,2378.0819361675417,2063.1999677995777,2189.8568814293535,1863.3615755157375,2785.1822779012623,3591.229941898921,4025.2388408844254,3265.3403785270625,5783.30766835858,4199.3230766836805,2467.153943776592,4789.7910987762325,3412.1054854312024,3386.6623672339974,4848.1213300527415,2213.7441384139147,3001.8853850944174,3379.7679378818298,2078.9438375852155
201908,3106.9789337413204,7119.320149544749,3474.106165582026,2107.9306599844112,2745.0949082630837,2595.5051819267715,3681.6247946572857,2481.3155539062222,2217.7162950990005,2215.3565153962245,1869.0629834636668,2882.8833703511086,3528.07852963099,4050.7322349349256,3084.541031501802,5895.608103032404,4125.549944174036,2453.61854387436,4776.518102420414,3156.694795014117,3317.5718778240753,4842.5050811774245,2380.983838742065,2731.9944718044185,3424.069096500522,2115.971052942976
201909,3451.9867549668875,7225.528847069095,3438.6319701750776,2398.437796697536,2745.915362255139,2510.403127831959,3664.2128294956824,2371.3218772939426,2131.2139233188723,2198.8895551129717,1874.5340733519076,2905.890971269097,3460.7319564260965,3937.574963054867,3136.3422240384443,6140.776278614737,3964.7342281416963,2424.945576625882,4872.506130302599,3470.148542675459,3452.16812679522,4797.390819120934,2559.437240509442,3043.922664852231,3494.626917915967,2138.1069403026527
201910,8816.928502725234,6835.139851867418,3374.7477777170893,2414.400632410364,2926.5377768651833,2628.623000137939,3855.5072131017205,2497.9621771304787,2098.5387785880826,2241.3593356170636,1924.1843462204415,2815.509459044001,3645.68670130216,4102.3440298546175,2920.8276205180377,6084.545193652649,4206.164682124366,2480.4906214014886,4752.982344110173,3574.7194938829057,3536.3611631611466,4755.706737841431,2586.772139247969,3143.0100062823635,3453.618950751345,2149.0864226048143
201911,8740.490278951816,6944.514699109163,3494.9089946424224,2382.959013752729,3028.1916563968175,2612.3918036993246,3942.5039913698997,2519.8067894869387,2148.072216623795,2339.534128378045,2008.9581593503053,2838.05766863742,3711.7529419168513,4222.888444665313,3233.7262657002157,5956.007156634228,4166.493032905952,2599.7344781366273,4988.0497673996915,3608.076274559704,3468.926133917457,4730.91770615173,2585.0503630279986,3100.6848501931568,3507.087402103611,2199.8007246940115
201912,4459.963809092965,6970.939765237571,3429.4570841399222,2249.7802810267513,2952.657645149247,2620.2668460406126,3825.584465268479,2460.331645983185,2136.976252474014,2443.8808525851805,2058.2431450292274,2889.412692928764,3630.6911862085826,4053.217934607204,3277.0593069643814,5946.776164764055,4213.828912780005,2586.800597417971,4838.766603408102,3367.5461344470427,3451.4565046862517,4574.402272463584,2585.46497587541,2844.808936972527,3676.4230691801217,2547.819245592951
202001,2777.4999999999995,6159.570351375955,3358.265751922138,2266.2663618728616,2857.1928986693288,2651.371662200342,3766.662828295032,2433.506996467502,2220.2919940784655,2431.247327627345,2049.756633048351,2800.59455585494,3534.6900615175596,3812.6280317927813,3070.839157158804,4685.323076691218,4286.224387633848,2499.8716387487652,4626.765375967239,3030.8391567185963,3437.7932501010737,4656.758048402575,2559.607689359243,2726.688762009714,3273.8670466473864,2170.2641802933335
202002,9245.713518773278,7144.597201102325,3353.2850060435308,2214.843767763698,3024.6214998585365,2671.6465072583846,3765.5157544348563,2379.276324679725,2160.4431258800537,2377.609770102872,2020.4501799588181,2915.735759131497,3693.0203367233153,3928.1429734254716,2987.490181861844,5324.652661333426,4363.426740675976,2628.5756620786156,4941.523853966774,3051.4129280648476,3518.408159533749,4756.885107868944,2414.7845422482087,2846.4542865825356,3618.333482094308,2282.0220970853143
202003,3918.7966523410987,6644.644194884633,3362.296379536987,2281.5755496074676,2862.008633213223,2619.846587328732,3642.6408305746463,2320.0578741409204,2241.755935890934,2386.6962547567055,1969.1252873587584,2902.675623983442,3622.2850720671354,4009.722533621381,2938.794244537353,5343.470125118489,4391.028142913559,2604.2798071023585,4630.163223845883,3020.1381516727793,3598.0063898499125,4814.519160360198,2386.4276980955747,2765.050231297907,3339.5585944161103,2312.887316806849
202004,8222.22222222222,6843.668821604236,3368.4704368747957,2165.172352787224,2663.360182921695,2555.8599293776742,3491.8811570653206,2400.845205907708,2054.1071428795835,2360.909687598618,1935.028102967559,3093.35359907347,3339.586242420108,3813.0469710415896,2749.1089007744367,6088.245329438227,4281.956785557937,2571.449305558615,5300.101596751951,3347.2749044938205,3562.0913803352987,4590.974872755747,2286.584626736723,2603.912952035997,3502.8395004221156,2313.799264705441
202005,2650.7638953978817,6381.474535797062,3629.638039348032,2363.7709483708463,3013.4059391718033,2678.8771140537297,3627.5973001119337,2408.225227732191,2146.6071570942117,2434.191026690671,1913.2468921335417,2904.53910258131,3756.533666517456,3866.9817141636177,2982.345015214175,6290.985145641136,4267.9819901033925,2581.490893362957,5357.337969580512,3488.600377483667,3704.384610749421,4897.598740448904,2419.5764819565684,2923.6076533905284,3600.702570430975,2488.9395566948956
202006,9229.625433689727,7050.228027765403,3903.854671598668,2610.9565925701254,3156.0911819654652,2863.7777735070486,4262.895371493126,2652.4688024717443,2274.9355157455875,2550.4726702189887,2000.8325626009819,3280.2536862341994,3895.1155571626305,4428.808622128042,3361.3245920988006,6252.387305987033,4723.332493375484,2819.024217062218,5586.190259555106,3801.2981874820193,4018.9771431767977,5025.4816442886795,2813.11087767773,2991.481813294942,3680.637546380293,2455.557918076332
202007,4353.856562922869,6706.950787903978,4038.047684607725,2646.739512582744,3264.5427960118855,2826.196005251869,4297.068469088142,2779.4371877757308,2548.375412670209,2782.237498092353,2196.798353028935,3358.0578765547216,4138.883430795794,4377.62490816719,3555.3007022687016,6296.220545463957,5080.268382180669,3133.1952496098797,4872.025480104039,4061.233137490501,3870.4433580998225,5177.600634097728,2759.153346665242,3045.515531972811,3760.9642681813407,2589.8687273911005
202008,7491.93791116653,7004.111528285905,4156.3445611774605,2753.8158014095206,3379.6753873279536,3090.2634743816852,4720.8858931284585,2809.4977251083487,2754.377796557485,2876.892683786914,2346.8001426070746,3682.9835490722794,4192.110477955242,4569.820081675567,3648.9852055547767,6352.589028579649,5192.875743155579,3311.548533721236,5050.691674992715,4150.81551783572,4022.477082460556,5520.449280338113,2926.073831327905,3257.570617565469,4045.0070351249287,2737.406803010821
202009,5599.198396793587,7241.883427799531,4272.589804774407,2837.6156721872667,3425.162358512887,3054.812587961573,4469.875644266942,2900.9096937709737,2710.723362967959,3008.290605224706,2417.3076567933663,3611.0583918885195,4238.020203691754,4702.164952749679,3742.119765157523,6514.737343061083,5279.850039595985,3308.0876343738587,5162.839004564563,3659.8977252863574,4022.6223763279654,5433.335704717912,2756.116646846486,2967.280868315855,3907.099331661507,2678.6081241503325
202010,3082.5407608695646,6945.518284014775,4213.262111422329,2947.909989856794,3369.8030483715656,3060.5545374273474,4391.80585731964,2829.986640620291,2417.0195475480637,2940.7800577058015,2360.214227903398,3614.467474669167,4450.831696950516,4576.93028995542,3615.937991645134,6952.324942904358,5182.865117503475,3218.1254888920653,5135.82793992651,3973.208990069331,4064.082696156872,5499.605814132031,2985.0425025999402,2627.9147459267447,4104.583020145607,2772.3689218296017
202011,10166.666666666666,7206.425987264148,4560.0947669731295,2909.7590238234393,3442.955907012816,3243.872385333174,4627.540603368413,3035.5238049121062,2951.045270212185,3185.702757566672,2609.104329655561,3972.627293854907,4618.16625877091,4871.714722998643,3913.38523588311,7125.096175342059,5359.441940695805,3346.538969232227,5567.610902000068,4552.067928753047,4327.912143672146,5476.969292241157,3217.105896289238,3424.4938758942667,4229.533943349013,2817.4125382559514
202012,4042.7202764253175,7351.829919457651,4762.839458820459,3109.5445012745827,3599.632978109478,3298.3538276903755,4893.69106625546,3166.382242247631,2992.562138527607,3270.0134687512214,2642.1869099863725,4033.8849564857064,4865.69755907921,4963.942391280348,4193.638507971107,7170.998488398386,5563.040092248329,3473.356859321008,6069.852247416051,4733.042022324396,4423.464903830357,5531.283812330971,3256.4830952321854,3669.704897434395,4321.397855542389,2832.3723486135714
202101,3406.5934065934066,7482.392265399587,4929.16819545135,3072.8604252023174,3837.9143693114866,3403.6149927619304,5134.101745264524,3158.9349909606335,2996.5428420341004,3209.8606115621615,2710.702335547379,3924.84680027928,4559.749206055053,4946.993355795644,4216.746617086661,7357.16579165054,5668.538016681697,3565.98643248897,6165.359391862612,4634.5757270878175,4485.310735187478,5612.66250220705,3451.4849928334993,3496.2073177395628,4189.133219765914,2941.009329920785
202102,7037.27039209034,7740.2670206164075,4696.358805341975,2887.3487091590287,3523.997761828633,3469.2778376082783,4793.109949313153,3062.813156998055,3022.994724511255,3240.836215408931,2723.044747293225,3921.060503572172,4800.674448455302,4782.099242345843,3882.3982296293057,6908.307672560584,5631.635732479474,3450.7359977486485,6371.59162143839,4760.161423358094,4572.012369314743,5872.093454337996,3131.282658192887,3839.2863912489756,4277.708477348233,2925.7625246781577
202103,3928.571428571429,7047.640093690464,4432.661056579794,3167.5763871427953,3519.8670225378705,3419.7668874983297,4627.996170015701,3181.810130896468,2881.8632593577204,3371.061107571214,2883.6885925561805,3831.696550856781,4354.495200919278,4919.524249206466,3766.694038189444,6650.499280646983,6061.525736785727,3637.441613752155,6322.913040778652,4488.553046461074,4689.992707929341,6078.997785737656,3151.931344509066,3042.478637359894,4048.9328596683913,3104.516521951385
202104,6815.149011882823,7436.122874310146,4518.033558658579,3054.700486969673,3741.1436559101526,3297.621443396069,4656.459756218941,3145.7222605278007,2987.154136472588,3509.4538296984633,2893.3142722006633,3553.054545481077,4816.59388520571,4831.5406866953335,3725.9337005687066,7329.372015092483,6099.171654809888,3540.4984085848223,6461.0945974260285,5371.845736356785,4682.783168836065,5897.7964112822665,2929.498011550208,3472.657943813932,4188.232010190598,3053.717573791433
202105,3155.187445510026,7468.26830645812,4987.975815684697,3201.811421894287,3932.0522607162006,3682.3122386510627,4952.645783285739,3277.2664772089292,2980.6847566143124,3474.4079806818436,2979.517823486476,3454.0328199663827,9260.492106732197,4719.797371052,4017.8369988490863,7266.108404012294,6235.94834816489,3595.9208678589653,6202.804947638697,3775.2778711409487,4355.484873118634,6237.733790221364,3307.0719020851275,3360.0891493347094,4401.924527141278,3151.1312847547933
202106,8311.168647758032,8087.368317041958,4832.68756968992,3160.366155014109,4098.145020352378,3644.7343478852995,5021.366736938596,2834.0664223345016,3120.173189253904,3518.0822662163528,2867.6033325389153,4071.5115259573527,4694.999338091903,5024.244649579557,4026.3108171595554,7450.09483917814,5820.691089503793,3707.531020161021,6534.38820299793,4400.632407457959,4421.985120866827,5976.672691764996,3410.24979195055,3652.6229625661604,4215.717324546933,3149.6246076967104
202107,4032.985287138111,8645.60801648882,5046.231447987626,3253.0736422281134,4144.76234808003,3716.324620465048,5039.80731963839,3405.2488017537057,3127.1101414573964,3603.059266828411,2928.207902528835,3918.503803065681,5042.714163162299,5182.417166699668,4414.317160615397,7817.237991670167,5804.679883773857,3682.030385229633,6876.915831737985,4074.0461018329734,4714.785306117981,6326.613437334935,3657.157313686159,3464.264263603003,4850.30075766716,3322.3886020866125
202108,6312.58265633856,7920.62466768813,5231.567814869335,3238.8337379807826,4210.2515993206425,3699.243340358077,5415.040828898189,3454.7624395272114,3071.082529688357,3702.812210943875,3218.7209314635215,4185.172364586158,5139.775940551773,5292.663082809197,4439.582179938149,7790.922034647431,6143.178172569719,3967.437913595745,6979.596554696072,4549.085458125875,4770.716224043215,6295.599046668097,3712.0689800946043,3703.1632573544466,4429.19482721734,3430.8762669752073
202109,8446.537258488883,8328.12900546459,5300.499661893399,3098.111202786843,4029.9231356295622,3803.1721174047443,5005.556209095049,3494.6824256264886,3331.86606097566,3901.091929323044,3102.613578316751,4367.468960072991,4896.989851974941,5969.078253783511,4478.361480496331,7892.109986171752,6312.866490168514,4046.35727697817,7375.4858758856935,4333.777659061134,4668.045652687955,6618.2953971828365,3838.321852984259,3869.6088885979557,4738.634319945424,3377.4796861518826
202110,3246.1612284069097,8393.655232300089,5177.900766873253,3556.78441111279,4069.3211860686642,3628.3977776879283,5197.863530980535,3399.6025988264146,3554.9783459819237,3788.294206342307,3060.97171820479,4241.521472361353,5017.059465087518,5463.2098705157,4436.9638948301335,8090.056313941369,6265.097849997415,3914.3825347413754,6818.883061225601,4485.900968410718,4618.398104273042,7038.551631695955,3830.4694707130693,4057.966887215094,4631.040029191082,3379.9077290603054
202111,6663.281692801814,7708.825373449247,4500.936835289249,2871.423773429988,3701.609915312974,3653.4106762022197,5021.656116599628,3469.7309486287386,2988.369013973619,3996.435217957056,3179.8831531413107,4070.283116741372,5141.627365493369,5075.672780143029,4148.91811774117,7460.994492574576,5769.211351021291,3825.242872312752,7377.7112864059945,4037.688778921415,4109.969682565941,7471.5088599835135,3675.2441020337333,3687.941988745921,4054.29864450666,3588.9636787570057
202112,11600.476047282846,8315.023331206028,4885.764823646431,2556.4867366423373,3767.5305986641765,3496.45330874289,5309.587475968934,3150.754597359294,3109.93085978802,3747.5886701019012,3285.7175168765616,3914.1712513472744,4573.3722798065955,5094.183155369574,3974.6318440232067,6819.328937209571,6361.635066909339,3778.467251877291,6110.011325607447,4757.3489935233,4439.573321533531,7439.016704337251,3962.3135005660724,3907.407257220875,4503.3487859623,3296.0187484425055
