ymd,강남?강동?강북?강서?관?구,광진?구로?금천??원??봉???문구,?작?마포???문구,?초??동??북??파??천??등?구,?산???구,종로?중구,중랑?,,,,,,,,,,,,,,,,,,
201101,3551.736735,2069.52016,1379.239595,1688.389663,1664.041084,2196.329231,1559.052621,1218.227232,1484.612221,1296.435343,1536.085424,1948.829867,2050.760999,1561.771153,2993.307195,1950.074854,1511.668069,2894.064452,2185.06773,1870.359117,2644.921557,1360.094509,1878.779446,1971.507794,1390.479209
201102,3413.439579,1957.549269,1408.91243,1611.819815,1623.328328,2125.979395,1476.51152,1215.435533,1483.300551,1298.868793,1524.439442,1879.973817,1997.391438,1519.411409,2978.154305,2011.279428,1523.120622,2788.389377,1972.300862,1882.645826,2802.399192,1363.191495,1909.280698,1938.534659,1409.545042
201103,3530.503832,1881.509349,1395.189531,1587.207279,1607.524662,2137.870837,1480.35233,1246.34607,1460.399886,1307.954556,1530.177818,1888.907563,2034.824898,1522.677133,2852.895702,1938.281466,1615.391285,2663.669947,1861.208968,1859.551458,2861.972921,1297.099327,1786.38256,1888.60901,1405.066423
201104,3503.299194,1941.465768,1376.087414,1547.295399,1601.947576,2237.558802,1500.608915,1239.055703,1458.102483,1275.262834,1548.707401,1883.004304,2038.525987,1483.881039,3034.628137,1922.01503,1529.122161,2749.062079,2024.671075,1776.920204,2570.879657,1309.902568,1897.263244,1944.212664,1396.03464
201105,3421.220459,2003.410547,1294.552965,1587.808348,1572.005033,2098.287951,1497.166306,1219.244027,1440.650549,1291.523139,1579.724715,1876.980236,2086.193602,1515.813243,2931.34573,1932.531927,1518.984584,2759.422448,1924.52034,1842.416829,2486.839158,1297.68521,1852.776326,1932.863057,1363.797028
201106,3433.382036,1994.344266,1345.313566,1580.110383,1602.196197,2133.788456,1439.923889,1193.112817,1426.520522,1280.731165,1501.645993,1864.84439,1991.099615,1416.067225,3008.833984,1900.764775,1456.297912,2706.268783,1983.369305,1791.669328,2698.110193,1211.491501,1657.817853,1900.515306,1397.009191
201107,3800.187799,2143.586484,1339.749373,1615.371815,1654.697212,2164.675054,1429.593915,1226.907473,1431.750038,1257.262292,1518.449865,1832.099662,2152.932766,1512.195767,3185.502387,1955.29541,1463.410621,2842.461041,2140.788859,1838.940875,2390.201088,1355.303652,1965.04888,2086.321739,1368.084177
201108,3391.608038,1953.703051,1354.044509,1581.703166,1544.483092,2073.964366,1398.434497,1229.667713,1431.770999,1276.805608,1505.086932,1846.781558,2072.015621,1594.157061,3024.007036,1992.858879,1492.726668,2838.114993,1856.423249,1830.953047,2437.21183,1342.362523,2022.320024,1972.147107,1371.412524
201109,3627.26648,2017.128601,1336.456187,1563.362027,1511.400641,2136.85903,1384.445827,1232.859315,1423.806887,1272.583723,1580.262449,1848.098618,2019.592108,1552.08337,3074.24219,1877.240762,1526.120065,2719.24751,1790.59981,1799.187103,2620.343285,1406.975356,2073.460656,1902.495275,1373.139473
201110,3657.043715,2093.278257,1368.051281,1591.794484,1570.326009,2059.733173,1476.637403,1190.535145,1458.610678,1283.865739,1556.127662,1882.990904,2070.955772,1553.305595,2960.855706,1940.892101,1475.212987,2902.360694,1925.379296,1732.694399,2239.094008,1310.981192,1931.5757,1986.467374,1408.514387
201111,3581.819216,2027.182798,1332.361092,1586.674582,1579.173455,2135.024239,1467.562184,1204.643417,1418.17893,1256.525229,1573.089749,2030.11562,2054.526084,1435.353773,2814.560442,1893.444369,1481.069384,2887.975928,1953.418153,1810.791959,2590.674198,1331.716933,2102.875433,1908.731057,1371.965968
201112,3618.52386,2158.275892,1347.406518,1569.831832,1543.413267,2037.457596,1385.54754,1232.033404,1433.584424,1227.026035,1566.83071,2019.098377,2083.934376,1463.67422,2921.808378,1906.300381,1499.827498,2947.302388,1980.384415,1816.414564,2618.01768,1381.84731,1832.622048,1844.796608,1346.749652
201201,3414.673733,2159.864688,1372.035002,1564.045154,1557.93423,2084.811951,1456.398739,1262.09744,1402.02561,1267.425573,1497.295281,1883.454398,1978.908665,1487.19046,2963.72302,1994.707674,1490.317791,2920.207937,1921.75288,1739.01573,2522.747577,1404.083221,1732.651574,1973.810568,1337.366121
201202,3614.701086,2184.657647,1329.185174,1575.624746,1602.333614,2061.924386,1447.241438,1193.053265,1380.773316,1222.723384,1530.655419,1869.735146,1943.292577,1557.699583,2812.007212,1952.450435,1486.145908,2898.15192,1876.242068,1830.025967,2614.118074,1351.667966,1976.373993,1948.846699,1353.443314
201203,3555.378986,2082.453237,1297.668865,1498.766217,1539.112136,2137.880785,1393.326177,1225.077798,1374.878397,1243.93824,1487.507741,1976.345931,1979.755424,1456.725034,2924.659577,2020.864638,1475.124005,2789.968134,1797.684405,2025.053554,2574.1117,1271.148027,1900.66724,1955.345407,1362.042663
201204,3601.408218,2107.818807,1290.757302,1504.249006,1463.412968,2063.565544,1461.129246,1194.001872,1361.275707,1188.713401,1569.618163,1838.949681,2109.292611,1539.998559,2839.723877,1916.917848,1469.542625,2927.344747,1788.80234,1823.055329,2557.978412,1338.832236,1740.857151,1907.799166,1322.427636
201205,3561.582015,2093.857151,1282.878712,1526.381511,1672.034208,2074.800241,1412.123595,1222.871364,1340.569191,1220.880232,1521.575406,1798.639246,1972.028968,1518.540362,2895.791263,2009.899239,1415.341149,2756.79646,2086.276413,1767.656404,2557.971155,1384.947423,2029.967812,1912.873422,1313.302148
201206,3250.287217,2095.618293,1320.519175,1473.531204,1591.305678,2062.642005,1412.493327,1113.86503,1335.992094,1172.089272,1416.681035,1806.034832,1956.814054,1470.734325,2786.058284,1818.854345,1378.708085,2851.422146,1830.681907,1739.576337,2440.174973,1327.903047,2035.024059,2015.959005,1281.617349
201207,3342.935927,2027.890654,1374.638436,1456.87695,2117.060795,1878.781653,1475.057539,1154.948349,1329.119081,1161.237772,1424.091002,1805.014303,2148.887748,1452.861824,2957.338441,1806.687633,1428.131492,2875.732169,1846.720926,1684.742991,2363.769814,1334.793991,2011.406029,2139.814856,1277.417796
201208,3135.731973,1864.635397,1307.589936,1419.920374,2037.753554,1997.562177,1540.500992,1178.899541,1344.258498,1150.574443,1406.47644,1886.202766,1978.955603,1424.77589,2884.141436,1818.956588,1334.562384,2728.207194,1852.536196,1729.235682,2283.620988,1338.765936,1904.35507,1926.460503,1320.971614
201209,3397.625669,2060.228476,1278.908524,1451.131325,1827.093717,1933.291911,1392.007459,1138.312034,1313.282678,1168.715948,1488.918203,1818.410116,2140.223518,1420.941717,2823.168595,1808.85724,1404.376167,2892.565155,1854.486963,1711.799067,2258.638204,1407.515612,1900.169867,1821.832403,1275.076621
201210,3320.657704,1962.472039,1299.251658,1482.157544,1491.453207,2040.189006,1386.366248,1146.631207,1328.56116,1143.928542,1491.183956,1929.038839,1948.281926,1483.738397,2899.882035,1818.082752,1402.767123,2849.134915,2017.013314,1740.720186,2601.482931,1438.546655,1886.502955,1947.211147,1321.785733
201211,3329.498764,1933.932188,1361.641523,1505.440135,1431.898281,2043.987471,1444.864897,1121.464875,1320.573521,1175.207488,1428.833995,1904.204632,2302.826446,1447.070416,2881.86162,1846.71376,1394.139366,2857.244913,1814.397644,1730.417349,2560.274869,1430.72307,1926.549874,1861.017885,1290.340605
201212,3312.723727,1917.350273,1323.804415,1500.54672,1908.678495,2124.526246,1425.705722,1143.222006,1313.350508,1157.368332,1480.724947,2236.924374,2329.213236,1473.337974,2887.837841,1823.222031,1419.23739,2814.565558,1809.893119,1733.297883,2497.74474,1543.82641,1883.892849,1780.561035,1277.852846
201301,3442.759955,1904.798981,1300.087978,1475.214951,1901.096029,2008.588198,1448.182632,1111.656867,1307.412657,1166.398942,1351.55114,1894.340336,2623.301861,1463.721749,3004.037129,1817.656639,1407.682913,2717.864328,1853.324923,1878.911899,2224.801125,1449.560169,1930.881137,1838.552015,1301.858754
201302,3299.40393,1992.335866,1299.307441,1485.966373,1659.555988,2054.420025,1403.92113,1144.459583,1324.56457,1198.365237,1400.083841,1924.71709,2331.228432,1552.629529,2720.503419,1824.415368,1463.336127,2873.506414,1814.555441,1757.819148,2310.448369,1497.820677,1883.329931,1892.542009,1343.621919
201303,3277.982686,1947.621398,1341.861156,1509.269269,1614.554182,2040.017673,1443.274373,1145.779757,1322.169597,1165.264295,1464.636208,1910.314786,2318.614634,1488.021544,2925.689592,1873.561273,1414.230484,2742.51442,1870.496282,1853.252013,2263.546503,1409.518379,1849.87865,1892.972497,1311.810324
201304,3323.818209,1933.499192,1372.149072,1479.40818,1586.232936,2083.73533,1432.583475,1188.248331,1318.895233,1168.116628,1485.106471,1977.069271,2151.893246,1410.637907,2920.068881,1904.133145,1432.899203,2940.241935,1925.881935,1732.38013,2158.316162,1450.269323,1745.302191,1780.732186,1301.197334
201305,3197.745772,1821.544849,1366.432117,1481.174036,1534.990018,2069.365215,1482.69895,1181.38007,1446.890081,1176.304399,1461.21306,1910.702335,2122.842968,1589.585818,2981.071291,1944.896092,1450.487465,2766.797653,1894.212286,1748.508737,2329.719732,1447.907766,1734.192542,2008.891416,1306.488293
201306,3393.408149,1806.940269,1346.32559,1486.922332,1467.977501,2033.697009,1401.265065,1132.575981,1324.420265,1166.33598,1474.642383,1871.030418,2152.311511,1478.594323,2827.796404,1786.471015,1410.212092,2652.576687,1812.99223,1707.499541,2209.445404,1403.408433,1798.820143,2028.892702,1321.698065
201307,3232.144845,1800.180531,1295.211376,1457.03212,1779.47753,2026.939606,1449.205108,1150.539576,1307.159249,1159.6243,1497.969997,1906.362234,2189.356966,1454.557158,2812.071187,1851.563951,1376.488187,2621.649811,1598.764898,1864.494817,2376.17453,1406.159314,1960.782885,1946.401653,1315.892347
201308,3363.342019,1844.709919,1306.064191,1493.956261,1514.099202,2014.946906,1478.972274,1156.34878,1332.494549,1185.375506,1559.365043,1828.409779,1994.822384,1453.997752,3011.256423,1912.383033,1435.709774,2942.764528,1742.077193,1702.743272,2355.899256,1335.629812,1855.135081,1875.712942,1319.323611
201309,3366.298336,1920.262924,1359.497097,1513.112686,1532.872959,2052.087839,1519.186702,1191.126131,1362.536139,1207.71563,1472.63238,1953.050793,2018.658952,1490.24437,2819.251903,1957.956657,1460.332658,2767.80196,1905.839375,1706.597658,2301.847321,1415.716426,1844.591357,2034.892149,1340.098799
201310,3319.132492,1860.115921,1383.904209,1544.522005,1509.311944,2033.83191,1446.171363,1271.060014,1375.183144,1205.901685,1505.858363,1948.882143,2016.880783,1450.041847,2838.980714,2010.241797,1469.785209,2815.195153,1872.507869,1778.076013,2306.698015,1454.461561,1821.972937,2053.379037,1340.859061
201311,3281.660241,1889.271737,1349.931352,1554.574591,1542.16187,2053.592302,1467.175693,1252.125836,1362.333379,1220.504157,1505.42794,1957.171007,1956.23404,1456.08142,2873.37721,1931.253065,1466.750837,2914.542795,1838.980785,1715.541772,2319.863628,1312.570107,1776.083764,2134.29872,1307.764682
201312,3518.320874,1988.020315,1321.056474,1494.879549,1497.247071,2090.211551,1484.561345,1843.176166,1414.353945,1219.041304,1488.295885,1912.790131,2013.602349,1470.929396,2933.507993,2059.119803,1470.614295,2860.639665,1877.39705,1829.499889,2512.417345,1505.415767,1835.568439,2085.863859,1296.241586
201401,3416.313946,1943.220386,1413.203367,1514.884096,1584.298274,2084.445199,1477.5137,1238.075115,1384.271761,1237.330449,1587.289464,1927.782757,2014.234818,1491.913119,3044.537133,1982.683404,1487.242679,2844.20077,1926.295233,1771.047614,2393.911864,1364.434891,1866.522328,2044.981606,1357.228286
201402,3419.610212,1959.160154,1413.296741,1572.712111,1546.462809,2206.742923,1435.79066,1227.698269,1385.742023,1233.342539,1485.474654,1936.443003,2028.290952,1524.240861,2972.502825,2074.426518,1462.403999,2784.15897,1910.493387,2126.388606,3237.533296,1389.146676,1819.533111,2012.70492,1386.686298
201403,3328.289712,1900.345526,1310.884223,1521.364328,1549.424634,2122.540927,1416.295313,1244.31033,1355.618738,1228.39475,1498.292152,1904.592805,2008.426313,1459.961124,2911.830002,2014.36944,1501.074626,2694.038813,1827.212921,1777.010761,2487.225102,1424.499511,1830.940373,1950.663623,1340.279323
201404,3376.840171,1940.163063,1379.99318,1530.857818,1542.342769,2058.437314,1539.656553,1239.076923,1384.094083,1228.034201,1531.212757,1947.4893,1982.082502,1510.640982,2844.667681,1994.05947,1519.282796,2786.014449,1846.142211,1780.870099,2851.584772,1393.261179,2036.841409,2006.416926,1344.08521
201405,3426.105145,1942.832359,1422.513154,1486.631183,1617.216442,2142.944904,1506.514813,1243.725267,1379.239957,1181.507469,1586.163117,1894.748958,2014.511758,1531.803861,2896.868978,1959.434764,1534.903355,2668.172428,1848.771499,1722.923814,2325.443083,1449.358834,1868.823111,1977.647813,1335.210722
201406,3451.375887,1955.121022,1387.188345,1492.998839,1783.478117,2071.163802,1492.777111,1228.091493,1368.366746,1209.336956,1559.191651,1930.491299,1961.826632,1525.746318,2972.546971,1920.750018,1516.699608,2709.197343,1870.466869,1759.064559,2360.01922,1388.744175,1937.546267,1984.851918,1309.018801
201407,3470.101642,1995.894005,1399.701752,1508.989801,1582.651189,2146.780535,1577.845729,1280.775804,1371.328699,1232.96668,1538.05841,1940.530556,2097.255339,1596.854873,3043.705596,1988.204882,1517.523562,2719.433373,1867.82568,1831.069701,2365.753577,1419.450877,2097.184158,2037.036192,1316.385146
201408,3512.580341,1953.045783,1382.42093,1589.542531,1584.620125,2160.938588,1492.550232,1436.564346,1403.09897,1232.429793,1650.092218,1977.593772,2089.786909,1600.953583,3101.069514,2111.983829,1485.331703,2766.162299,1954.245939,1791.974885,2471.868452,1424.332296,1908.172775,2055.556143,1366.530112
201409,3433.497083,1973.637431,1432.614088,1535.949678,1550.890065,2142.626552,1495.286929,1730.491028,1386.534284,1239.181063,1579.46688,2000.060768,2060.460869,1632.105613,3094.924757,2068.359751,1497.334205,2788.571485,2075.853398,1840.526422,2421.762574,1419.650916,1906.526361,1985.056549,1365.386225
201410,3371.747874,1940.14544,1424.104821,1582.503353,1619.554899,2244.828281,1468.253846,1546.391514,1394.971504,1226.335778,1573.269305,1944.801973,2016.329026,1748.859102,3067.871992,2091.699321,1521.664875,2775.157139,1882.738232,1926.920992,2549.917305,1471.428196,2002.42446,2015.464924,1355.315346
201411,3437.717553,1931.015954,1374.6112,1569.689668,1608.300289,2240.715395,1454.642769,1631.635023,1421.26046,1257.980559,1583.028007,1934.010115,2034.790528,1627.751692,3003.654284,2078.251633,1483.870712,2567.350993,1798.597978,1880.174614,2385.677443,1662.594815,1874.135193,1989.587816,1412.350201
201412,3552.63196,2122.184393,1378.857988,1575.186914,1683.682024,2226.950288,1529.6763,1498.24906,1437.828223,1241.999048,1596.87729,1952.798722,2073.199466,1608.049202,3104.143098,2104.760319,1540.352562,2699.592483,1817.6686,1979.177953,2406.583506,1664.845745,1940.377885,2067.837845,1395.928055
201501,3570.523872,1980.893062,1488.616546,1545.906708,1644.527539,2244.74396,1479.618575,1764.450284,1413.581608,1248.106431,1576.244858,1981.137633,2070.182896,1640.373335,3178.496518,2042.569793,1510.7531,2708.22216,1807.188978,1842.868952,2682.042669,1539.299591,1810.101495,2149.036297,1387.432722
201502,3616.032902,2028.770535,1511.432075,1598.702214,1621.119073,2194.239663,1518.244575,1805.68627,1419.183056,1312.692441,1551.667806,1992.466469,2132.126532,1625.683082,3127.399507,2057.154903,1551.620568,2742.487532,1865.257392,1782.103314,2649.908506,1520.862463,1899.243803,2056.227314,1369.543068
201503,3646.38445,2073.657169,1491.518124,1580.150468,1682.445775,2217.276799,1489.413934,1531.806977,1432.280919,1270.605127,1557.701213,1992.627204,2105.757886,1611.539106,3248.824069,2118.711249,1569.433322,2783.153743,1918.755534,1854.78672,2543.817803,1551.096558,2042.692827,2088.048139,1367.501616
201504,3747.290811,2144.931749,1546.576341,1642.284234,1661.424495,2173.608184,1519.291028,1381.297358,1440.661732,1261.318633,1600.04728,1995.456091,2107.295913,1637.528599,3193.890538,2301.381106,1567.605421,2831.742955,1915.396917,1902.213276,2618.912675,1513.773295,1964.237491,2058.027638,1392.539487
201505,3887.325524,2053.826159,1582.079513,1623.054828,1608.754153,2276.846,1491.105944,1482.922248,1445.339875,1295.363553,1608.931661,1987.847937,2174.703873,1629.62659,3214.802893,2192.70326,1566.312412,2930.593707,1882.038366,1838.566511,2611.449003,1522.663186,2048.515086,2153.194995,1397.308534
201506,3732.750153,2125.285288,1518.441264,1627.215673,1630.207676,2268.742743,1531.681839,1345.683136,1440.478742,1296.905895,1601.966993,2075.567465,2197.569917,1712.773085,3302.594338,2119.569576,1578.433352,2846.003593,2040.187137,1805.140185,2594.251055,1532.780749,1865.851547,2055.535612,1424.276481
201507,3935.859185,2137.599821,1567.275911,1668.323891,1636.725132,2391.179224,1517.075264,1380.138262,1462.492134,1288.160517,1647.84867,2069.025873,2205.065349,1714.138014,3311.994695,2171.277791,1562.898313,2863.87442,1972.81526,1892.918892,2698.324,1517.92516,2038.42526,2046.541924,1433.438857
201508,3724.057095,2166.108374,1590.682386,1717.143973,1624.896384,2245.604392,1568.466527,1405.21827,1458.433333,1319.852641,1683.053216,2088.159834,2165.676951,1715.37835,3188.680975,2207.250109,1623.071917,2865.786236,1920.857727,1922.691349,2775.720532,1622.454358,1915.252,2095.174393,1474.130005
201509,3875.472209,2202.45271,1599.220583,1841.255934,1659.54953,2316.987507,1608.470182,1399.240156,1500.230533,1307.464694,1665.026292,2605.268949,2223.505752,1628.3307,3357.073742,2167.916165,1635.987721,2997.274229,2018.885425,1891.615719,2687.86824,1541.826198,1943.457685,2150.385124,1493.023592
201510,3916.025626,2221.554425,1618.372482,1820.466904,1720.429584,2332.098843,1572.494842,1482.872711,1514.55349,1340.387022,1722.357993,2202.774039,2341.748825,1743.255084,3354.365687,2205.09557,1655.309449,3055.282121,2132.44183,1931.466001,2755.355656,1548.673703,1945.568684,2182.948136,1739.608325
201511,4005.34144,2180.545156,1511.9759,1786.380405,1729.205522,2389.31987,1582.207763,1518.684948,1515.676983,1375.401247,1737.388868,2150.277006,2343.586353,1714.65227,3430.111261,2339.909235,1636.453056,3080.677291,2239.077556,1936.72545,3006.99655,1564.50573,2054.561099,2196.638652,1658.021555
201512,3816.119756,2164.464501,1493.162976,1725.53887,1786.97062,2362.854306,1609.041574,1515.654432,1503.223353,1386.455178,1712.446961,2128.481759,2264.508357,1712.67986,3347.587578,2276.112243,1698.854542,2820.698917,2036.907358,1926.990814,2807.850376,1564.840797,2185.467941,2191.505013,1650.685857
201601,3905.961315,2262.52366,1453.706435,1779.278392,1718.139059,2360.978457,1619.951958,1408.666137,1536.176193,1345.526912,1749.701524,2186.094134,2275.164606,1727.884158,3236.017465,2178.578987,1657.132841,2797.832383,1905.995498,1935.783666,2747.32512,1568.638881,2143.697338,2151.396216,1557.555599
201602,4127.30236,2232.631291,1481.859515,1804.657509,1793.346064,2231.974023,1602.107654,1518.583447,1557.024729,1338.643538,1747.860922,2278.594411,2128.848847,1876.372066,3274.174529,2248.473413,1614.987036,2751.509576,1933.424341,1942.373649,2971.784857,1512.219156,2024.776736,2110.626737,1537.804743
201603,4313.299197,2289.061963,1499.339529,1783.038074,1723.387963,2179.466676,1567.999297,1480.325379,1510.577738,1369.367848,1733.372262,2146.622939,2188.189322,1851.859503,3548.803715,2340.084841,1650.230916,3054.609092,1885.561276,1962.359333,2828.087412,1616.019335,2213.015765,2152.210083,1528.706122
201604,4146.12808,2439.434884,1496.76741,1858.685097,1825.978012,2354.114182,1609.098374,1461.363167,1533.179289,1381.215329,1805.549015,2160.701551,2287.025422,1774.192627,3595.967226,2224.047346,1707.532228,3202.846545,2166.692405,2030.039932,2757.320968,1650.080957,1899.312606,2163.390098,1539.213923
201605,4192.744318,2330.726227,1550.973939,1864.011591,1742.690009,2407.9874,1708.785459,1467.024506,1521.260754,1388.705038,1806.75204,2214.557022,2297.386532,1738.86467,3701.474573,2327.721231,1703.404429,3281.502565,2256.976626,2041.627826,3286.889197,1735.248049,2163.950637,2185.943574,1530.61602
201606,4272.163138,2310.093389,1614.827052,1970.354942,1796.616927,2334.941491,1711.445256,1524.208809,1547.128838,1380.828585,1813.089769,2287.17844,2378.293567,1827.514192,3809.893686,2357.603115,1705.58412,3151.432865,2355.889652,2086.125474,2991.33067,1656.980297,2035.454747,2259.661128,1542.829078
201607,4224.229566,2300.675086,1642.176685,1965.806562,1990.509839,2395.252062,1668.496878,1484.531799,1577.825724,1421.13861,1808.299369,2288.039531,2462.750701,1833.759628,3693.846638,2341.782061,1746.19083,3090.45008,2158.395307,2029.600479,3056.523586,1696.079305,2034.877312,2249.389924,1565.542261
201608,4444.184391,2306.294263,1617.347928,1964.420676,1808.010084,2331.514215,1672.09273,1486.594149,1564.777254,1425.507724,1897.774313,2319.958857,2534.341393,1834.996706,3833.66082,2421.613483,1693.285209,3117.363957,2322.746024,2117.651965,3022.01905,1668.92415,2128.938145,2275.57518,1548.655035
201609,4399.659489,2223.983764,1659.90833,2041.684108,1822.241948,2407.606417,1716.90884,1484.588837,1612.643986,1445.260191,1883.304068,2276.997744,2539.922836,1928.193918,3812.725794,2463.271786,1737.192091,3194.989818,2241.796435,2144.152488,2832.220459,1670.263842,2158.243032,2346.998328,1567.213812
201610,4257.246126,2283.7596,1644.914148,2036.231974,1808.939987,2430.646786,1752.481664,1536.690593,1665.808073,1463.502887,1873.478474,2337.527933,2584.525658,1987.597694,3858.395438,2541.708507,1786.798774,3130.106604,2254.096719,2166.638405,3044.948137,1675.944399,2186.547015,2347.574483,1555.318867
201611,3972.871079,2213.611299,1684.426209,1966.115508,1871.901234,2441.839019,1725.811405,1495.133439,1645.264284,1476.625577,1945.953991,2349.61402,2613.823796,1943.202633,3548.912489,2444.819276,1766.356702,2875.139714,2024.436032,2172.139566,2921.819941,1773.801417,2245.505518,2409.942006,1557.418272
201612,4518.208102,2309.220407,1614.401103,1980.701187,1850.175964,2459.90565,1725.266729,1477.158681,1631.795758,1461.828558,1923.132979,2294.169932,2583.817696,1903.279514,3476.719064,2366.5479,1779.540383,3133.366584,1986.241206,2101.598421,3229.77783,1609.196928,2344.37923,2417.597747,1595.345904
201701,4643.034672,2420.503918,1588.59055,1988.439509,2163.934047,2301.306032,1755.834812,1563.465104,1627.77284,1436.28167,1905.033431,2320.77214,2567.518097,1984.680432,3838.248751,2600.947315,1693.547936,3035.793342,1992.728016,2090.803783,2992.488003,1842.552167,2321.883128,2363.162849,1593.698646
201702,4846.354899,2338.6995,1650.349001,2000.843881,1895.383947,2320.186363,1766.843656,1555.97369,1629.531009,1457.78925,1949.136677,2333.426666,2563.060341,1958.703147,3820.981784,2483.376599,1744.499788,3150.905314,2092.559515,2192.210315,3065.931138,1697.732353,2269.009896,2526.694987,1585.296679
201703,4622.288687,2323.552844,1590.714584,2024.788709,1762.256308,2410.12263,1774.449975,1549.404961,1615.39466,1453.722645,1911.04911,2391.977476,2562.711626,1940.011347,3886.443278,2539.092812,1803.148472,3141.920039,2202.54511,2310.664615,2995.038367,1732.893314,2312.363565,2513.117421,1626.213958
201704,4773.203773,2504.901886,1671.785988,2038.679346,1769.434464,2497.713977,1747.611981,1599.54458,1637.556073,1495.172653,1935.857539,2415.056549,2667.339554,2082.238905,3963.586443,2628.94831,1804.587431,3268.6639,2463.216378,2273.075393,3044.391048,1756.452738,2151.225062,2429.062661,1617.918624
201705,4835.947367,2376.356478,1596.468535,2146.902137,1845.102624,2479.766491,1815.952063,1537.13411,1677.753703,1524.479481,2008.595827,2412.741177,2735.351416,2145.66374,4144.055614,2670.675952,1734.046186,3407.130599,2671.286741,2295.251548,3269.360026,1801.887376,2181.78275,2458.727033,1575.969495
201706,4624.004958,2365.932599,1756.059477,2130.833211,1819.076936,2523.718383,1811.551866,1513.5237,1718.390024,1517.613539,2002.477506,2406.428384,2737.757058,2172.030079,4165.28711,2588.584535,1830.970407,3169.78085,2529.356797,2332.079412,3217.508567,1812.594425,2261.89625,2504.762741,1622.535709
201707,4911.734049,2556.587671,1725.365249,2191.812774,1925.82411,2668.366116,1836.977228,1551.930071,1749.734857,1545.058314,2009.106678,2488.704145,2812.776069,2202.602075,4363.374786,2674.506624,1866.888403,3485.806229,2687.268325,2357.889087,3247.217297,1834.96249,2153.625296,2388.468856,1650.644509
201708,4564.422196,2473.924257,1683.645627,2091.034391,1942.94093,2634.970651,1813.939748,1619.39298,1751.658453,1473.688997,2288.955609,2510.917885,2761.539739,2233.06659,3904.557775,2660.98127,1873.566544,3260.384306,2254.181136,2315.024197,3263.431469,1782.847745,2269.410041,2465.398925,1651.04208
201709,4749.410877,2562.679888,1764.597491,2240.749452,2012.720938,2612.576963,1841.324883,1686.575255,1772.219616,1536.528431,2073.666621,2534.161602,2831.013053,2314.119622,4161.25339,2884.309946,1897.448344,3778.407321,2459.371069,2453.225158,3806.947956,1902.813079,2459.621899,2713.931875,1669.314704
201710,4831.66072,2568.547429,1786.964993,2306.194016,1955.603297,2780.476858,1877.461247,1545.238585,1806.285067,1533.433102,2060.77155,2600.449846,2849.123522,2359.81962,4220.532393,2848.856578,1854.753081,3628.267274,2691.819304,2466.451027,3458.843802,1901.595828,2364.283504,2648.976273,1628.103704
201711,5084.431379,2712.032077,1739.477349,2354.187979,1969.00992,2856.888022,1889.448005,1656.042585,1826.54503,1569.201762,2074.485489,2591.803796,2872.469557,2324.276046,4515.276723,2989.869812,1927.887815,3821.791112,3037.081664,2561.434135,3801.532097,2019.701241,2379.633837,2712.299565,1716.252539
201712,5162.270833,2715.010338,1953.180938,2344.011048,2025.948457,2895.461665,1944.136697,1745.939897,1876.524747,1603.095004,2158.087564,2681.157515,2886.567046,2404.617958,4360.953953,3061.869812,1891.680361,3718.412637,2774.016926,2633.137189,3622.567331,2047.252507,2390.787423,2700.652811,1741.29584
201801,5291.251762,2765.662433,1791.910924,2351.846875,2105.542983,2889.034058,1957.836033,1676.848407,1861.677322,1566.121956,2088.064265,2714.975516,3027.307235,2398.164301,4580.274083,3192.12823,1922.098585,3819.698083,2638.215223,2706.505836,3466.071613,2080.023927,2443.88913,2763.345308,1678.027278
201802,5169.732855,2723.936377,1821.112707,2369.704811,2093.391187,2931.325153,1957.553892,1644.223178,1862.584235,1607.386623,2070.862104,2802.386014,3056.923714,2322.984987,4487.292682,3250.723345,1942.679977,3780.142794,2393.541328,2605.300222,3479.856764,2056.504046,2428.254232,2880.528331,1717.476324
201803,5679.446628,2770.367567,1825.416412,2271.533914,2124.529711,2922.751332,1925.416125,1680.485941,1844.031351,1593.022957,2112.496144,2748.723193,3035.993686,2205.586995,4277.614919,3160.788813,1944.50636,3744.038659,2216.621574,2578.068375,3728.149684,2100.556163,2395.536817,2821.011316,1700.766851
201804,5470.720692,2968.397854,1819.266865,2308.003086,2059.897791,2906.949148,1912.66583,1779.928219,1826.283268,1563.215175,2184.48814,2727.512725,3122.37354,2303.033525,4367.211695,3263.749643,1962.176103,3623.31559,2217.420833,2677.73928,4021.4114,2007.343646,2345.639708,2894.31241,1698.691488
201805,5311.540163,2735.587276,1809.220097,2380.16249,2083.233604,2767.135855,1936.658081,1636.037212,1829.966767,1609.117072,2189.196663,2760.519955,3181.624254,2202.63653,4676.272099,3400.403272,1975.710998,3681.895326,2361.500117,2740.193385,3609.879958,2047.710854,2258.219543,2774.639617,1749.393864
201806,5330.106236,2714.827885,1885.355699,2351.772876,2148.168387,2878.68842,2005.275079,1768.976454,1856.302272,1639.931238,2364.267127,2927.554523,3119.539199,2406.507445,4978.819733,3331.031794,1953.725607,3906.749611,2571.30541,2760.862337,3718.783182,2017.669386,2510.936221,2879.21191,1754.256668
201807,5952.1115,2893.658123,1873.682582,2475.889351,2127.552162,3146.539662,2069.687805,1739.061412,1951.374538,1656.304935,2377.980995,3028.012601,3485.953508,2331.29062,5264.381968,3606.164439,2030.492288,4726.106036,3086.15834,2985.308407,4205.163127,2031.497143,2489.950482,3036.730038,1748.484745
201808,6176.663981,3034.954593,1889.052744,2546.059103,2156.526818,3441.065701,2002.345279,1728.522556,1905.955156,1619.074282,2579.680091,3179.687413,3638.377893,2631.586968,5637.843071,3715.292997,2031.604906,4272.872169,3166.272041,2977.223762,4263.900105,1993.524729,2546.164762,3034.253914,1814.595979
201809,5857.967328,3071.685002,1938.624384,2600.725013,2266.547401,3509.157574,1988.557668,1637.461974,1969.969469,1683.968179,2572.185786,3248.27208,3538.25236,2611.780299,5256.700672,3912.636699,2167.806834,4333.561021,2749.395734,3170.197194,4405.673153,2019.526721,2411.189183,3173.664768,1934.71357
201810,5714.136579,2912.363776,1975.163998,2546.527656,2424.620158,3344.731652,2005.982808,1762.960706,2112.984719,1743.317548,2446.104404,3161.184116,3617.076671,2448.232161,4600.942891,3815.900332,2244.667268,3578.257519,2582.981585,3049.840573,4591.550768,1998.283418,2449.235839,3015.390136,1974.784695
201811,5608.432412,2904.092635,2064.935912,2502.541886,2347.887869,3359.820558,2104.837504,1773.17815,2058.064795,1699.114344,2391.29459,3125.836775,3271.633631,2326.401468,5183.598208,3515.93588,2135.759284,3812.228212,2597.335347,2942.922859,4843.839785,2006.117155,2371.830257,2987.396963,1913.447141
201812,4941.371084,2748.589886,1956.831547,2252.609797,2391.978583,3043.695027,2040.957809,1955.386397,2059.490866,1733.23356,2535.089035,3114.76007,3286.746423,2732.988457,4450.610522,4038.863146,2268.3582,3855.946314,2495.465942,2898.129794,4356.991361,2036.859482,2400.062906,2991.23086,1973.247387
201901,5746.697773,3378.317016,1837.743415,2450.430125,2216.4248,2792.258828,1999.230981,1823.638144,1976.670277,1721.474996,2583.066139,2960.851391,3647.353614,2422.649883,4261.265073,3744.813719,2213.10753,4195.216885,2829.873314,2985.46943,5059.935401,2136.002154,2682.246657,2936.953283,1890.318912
201902,5723.33847,3005.663133,2088.239018,2469.599581,2379.477092,3069.075697,1987.740851,1711.657383,2022.709505,1727.08637,2585.658006,2873.687329,3838.873171,2486.14898,4975.981637,3978.938651,2188.626008,4455.212787,2771.559962,2953.067086,4984.275166,2142.840316,2695.664336,2948.262322,2007.834288
201903,6248.780475,2897.745834,1930.824736,2463.651308,2299.082239,3092.451756,2047.092608,1824.211045,2017.088398,1711.582338,2574.33708,2839.286397,3816.844453,2573.307598,5569.980912,3516.548173,2211.058058,5043.339589,2901.600602,3046.448023,4431.142298,2147.891184,2531.947287,2981.409441,1946.522593
201904,6388.559174,3102.409403,1971.544537,2497.404714,2335.498872,3314.33059,2019.992943,1755.722582,2033.163562,1752.466656,2674.918422,3305.154598,3613.982851,2593.032535,5478.07503,3813.462155,2222.958169,4679.537372,3128.234229,3375.563587,4565.446669,2106.046831,2632.431765,3288.429103,2066.145271
201905,6679.521867,3292.979387,2043.626551,2682.218094,2254.275137,3408.601464,2218.573609,2170.331825,2122.98104,1770.560237,2574.620364,3370.311588,3815.73089,2730.634853,5782.132361,3766.10754,2320.897336,4860.407266,3508.417064,3322.165341,5092.191447,2195.935799,2648.276976,3119.057987,2078.088575
201906,6667.656437,3346.146794,1984.30963,2713.084841,2564.708408,3524.480861,2184.975641,2034.457015,2244.805377,1828.204645,2809.580831,3454.44637,3968.03268,3008.710871,5987.348544,4104.538597,2314.703159,4786.492115,3834.252696,3635.174869,4786.585817,2180.638962,3002.355979,3202.715489,1984.904286
201907,6693.311749,3304.647253,2029.903104,2936.421256,2565.445905,3634.957292,2378.081936,2063.199968,2189.856881,1863.361576,2785.182278,3591.229942,4025.238841,3265.340379,5783.307668,4199.323077,2467.153944,4789.791099,3412.105485,3386.662367,4848.12133,2213.744138,3001.885385,3379.767938,2078.943838
201908,7119.32015,3474.106166,2107.93066,2745.094908,2595.505182,3681.624795,2481.315554,2217.716295,2215.356515,1869.062983,2882.88337,3528.07853,4050.732235,3084.541032,5895.608103,4125.549944,2453.618544,4776.518102,3156.694795,3317.571878,4842.505081,2380.983839,2731.994472,3424.069097,2115.971053
201909,7225.528847,3438.63197,2398.437797,2745.915362,2510.403128,3664.212829,2371.321877,2131.213923,2198.889555,1874.534073,2905.890971,3460.731956,3937.574963,3136.342224,6140.776279,3964.734228,2424.945577,4872.50613,3470.148543,3452.168127,4797.390819,2559.437241,3043.922665,3494.626918,2138.10694
201910,6835.139852,3374.747778,2414.400632,2926.537777,2628.623,3855.507213,2497.962177,2098.538779,2241.359336,1924.184346,2815.509459,3645.686701,4102.34403,2920.827621,6084.545194,4206.164682,2480.490621,4752.982344,3574.719494,3536.361163,4755.706738,2586.772139,3143.010006,3453.618951,2149.086423
201911,6944.514699,3494.908995,2382.959014,3028.191656,2612.391804,3942.503991,2519.806789,2148.072217,2339.534128,2008.958159,2838.057669,3711.752942,4222.888445,3233.726266,5956.007157,4166.493033,2599.734478,4988.049767,3608.076275,3468.926134,4730.917706,2585.050363,3100.68485,3507.087402,2199.800725
201912,6970.939765,3429.457084,2249.780281,2952.657645,2620.266846,3825.584465,2460.331646,2136.976252,2443.880853,2058.243145,2889.412693,3630.691186,4053.217935,3277.059307,5946.776165,4213.828913,2586.800597,4838.766603,3367.546134,3451.456505,4574.402272,2585.464976,2844.808937,3676.423069,2547.819246
202001,6159.570351,3358.265752,2266.266362,2857.192899,2651.371662,3766.662828,2433.506996,2220.291994,2431.247328,2049.756633,2800.594556,3534.690062,3812.628032,3070.839157,4685.323077,4286.224388,2499.871639,4626.765376,3030.839157,3437.79325,4656.758048,2559.607689,2726.688762,3273.867047,2170.26418
202002,7144.597201,3353.285006,2214.843768,3024.6215,2671.646507,3765.515754,2379.276325,2160.443126,2377.60977,2020.45018,2915.735759,3693.020337,3928.142973,2987.490182,5324.652661,4363.426741,2628.575662,4941.523854,3051.412928,3518.40816,4756.885108,2414.784542,2846.454287,3618.333482,2282.022097
202003,6644.644195,3362.29638,2281.57555,2862.008633,2619.846587,3642.640831,2320.057874,2241.755936,2386.696255,1969.125287,2902.675624,3622.285072,4009.722534,2938.794245,5343.470125,4391.028143,2604.279807,4630.163224,3020.138152,3598.00639,4814.51916,2386.427698,2765.050231,3339.558594,2312.887317
202004,6843.668822,3368.470437,2165.172353,2663.360183,2555.859929,3491.881157,2400.845206,2054.107143,2360.909688,1935.028103,3093.353599,3339.586242,3813.046971,2749.108901,6088.245329,4281.956786,2571.449306,5300.101597,3347.274904,3562.09138,4590.974873,2286.584627,2603.912952,3502.8395,2313.799265
202005,6381.474536,3629.638039,2363.770948,3013.405939,2678.877114,3627.5973,2408.225228,2146.607157,2434.191027,1913.246892,2904.539103,3756.533667,3866.981714,2982.345015,6290.985146,4267.98199,2581.490893,5357.33797,3488.600377,3704.384611,4897.59874,2419.576482,2923.607653,3600.70257,2488.939557
202006,7050.228028,3903.854672,2610.956593,3156.091182,2863.777774,4262.895371,2652.468802,2274.935516,2550.47267,2000.832563,3280.253686,3895.115557,4428.808622,3361.324592,6252.387306,4723.332493,2819.024217,5586.19026,3801.298187,4018.977143,5025.481644,2813.110878,2991.481813,3680.637546,2455.557918
202007,6706.950788,4038.047685,2646.739513,3264.542796,2826.196005,4297.068469,2779.437188,2548.375413,2782.237498,2196.798353,3358.057877,4138.883431,4377.624908,3555.300702,6296.220545,5080.268382,3133.19525,4872.02548,4061.233137,3870.443358,5177.600634,2759.153347,3045.515532,3760.964268,2589.868727
202008,7004.111528,4156.344561,2753.815801,3379.675387,3090.263474,4720.885893,2809.497725,2754.377797,2876.892684,2346.800143,3682.983549,4192.110478,4569.820082,3648.985206,6352.589029,5192.875743,3311.548534,5050.691675,4150.815518,4022.477082,5520.44928,2926.073831,3257.570618,4045.007035,2737.406803
202009,7241.883428,4272.589805,2837.615672,3425.162359,3054.812588,4469.875644,2900.909694,2710.723363,3008.290605,2417.307657,3611.058392,4238.020204,4702.164953,3742.119765,6514.737343,5279.85004,3308.087634,5162.839005,3659.897725,4022.622376,5433.335705,2756.116647,2967.280868,3907.099332,2678.608124
202010,6945.518284,4213.262111,2947.90999,3369.803048,3060.554537,4391.805857,2829.986641,2417.019548,2940.780058,2360.214228,3614.467475,4450.831697,4576.93029,3615.937992,6952.324943,5182.865118,3218.125489,5135.82794,3973.20899,4064.082696,5499.605814,2985.042503,2627.914746,4104.58302,2772.368922
202011,7206.425987,4560.094767,2909.759024,3442.955907,3243.872385,4627.540603,3035.523805,2951.04527,3185.702758,2609.10433,3972.627294,4618.166259,4871.714723,3913.385236,7125.096175,5359.441941,3346.538969,5567.610902,4552.067929,4327.912144,5476.969292,3217.105896,3424.493876,4229.533943,2817.412538
202012,7351.829919,4762.839459,3109.544501,3599.632978,3298.353828,4893.691066,3166.382242,2992.562139,3270.013469,2642.18691,4033.884956,4865.697559,4963.942391,4193.638508,7170.998488,5563.040092,3473.356859,6069.852247,4733.042022,4423.464904,5531.283812,3256.483095,3669.704897,4321.397856,2832.372349
202101,7482.392265,4929.168195,3072.860425,3837.914369,3403.614993,5134.101745,3158.934991,2996.542842,3209.860612,2710.702336,3924.8468,4559.749206,4946.993356,4216.746617,7357.165792,5668.538017,3565.986432,6165.359392,4634.575727,4485.310735,5612.662502,3451.484993,3496.207318,4189.13322,2941.00933
202102,7740.267021,4696.358805,2887.348709,3523.997762,3469.277838,4793.109949,3062.813157,3022.994725,3240.836215,2723.044747,3921.060504,4800.674448,4782.099242,3882.39823,6908.307673,5631.635732,3450.735998,6371.591621,4760.161423,4572.012369,5872.093454,3131.282658,3839.286391,4277.708477,2925.762525
202103,7047.640094,4432.661057,3167.576387,3519.867023,3419.766887,4627.99617,3181.810131,2881.863259,3371.061108,2883.688593,3831.696551,4354.495201,4919.524249,3766.694038,6650.499281,6061.525737,3637.441614,6322.913041,4488.553046,4689.992708,6078.997786,3151.931345,3042.478637,4048.93286,3104.516522
202104,7436.122874,4518.033559,3054.700487,3741.143656,3297.621443,4656.459756,3145.722261,2987.154136,3509.45383,2893.314272,3553.054545,4816.593885,4831.540687,3725.933701,7329.372015,6099.171655,3540.498409,6461.094597,5371.845736,4682.783169,5897.796411,2929.498012,3472.657944,4188.23201,3053.717574
202105,7468.268306,4987.975816,3201.811422,3932.052261,3682.312239,4952.645783,3277.266477,2980.684757,3474.407981,2979.517823,3454.03282,9260.492107,4719.797371,4017.836999,7266.108404,6235.948348,3595.920868,6202.804948,3775.277871,4355.484873,6237.73379,3307.071902,3360.089149,4401.924527,3151.131285
202106,8087.368317,4832.68757,3160.366155,4098.14502,3644.734348,5021.366737,2834.066422,3120.173189,3518.082266,2867.603333,4071.511526,4694.999338,5024.24465,4026.310817,7450.094839,5820.69109,3707.53102,6534.388203,4400.632407,4421.985121,5976.672692,3410.249792,3652.622963,4215.717325,3149.624608
202107,8645.608016,5046.231448,3253.073642,4144.762348,3716.32462,5039.80732,3405.248802,3127.110141,3603.059267,2928.207903,3918.503803,5042.714163,5182.417167,4414.317161,7817.237992,5804.679884,3682.030385,6876.915832,4074.046102,4714.785306,6326.613437,3657.157314,3464.264264,4850.300758,3322.388602
202108,7920.624668,5231.567815,3238.833738,4210.251599,3699.24334,5415.040829,3454.76244,3071.08253,3702.812211,3218.720931,4185.172365,5139.775941,5292.663083,4439.58218,7790.922035,6143.178173,3967.437914,6979.596555,4549.085458,4770.716224,6295.599047,3712.06898,3703.163257,4429.194827,3430.876267
202109,8328.129005,5300.499662,3098.111203,4029.923136,3803.172117,5005.556209,3494.682426,3331.866061,3901.091929,3102.613578,4367.46896,4896.989852,5969.078254,4478.36148,7892.109986,6312.86649,4046.357277,7375.485876,4333.777659,4668.045653,6618.295397,3838.321853,3869.608889,4738.63432,3377.479686
202110,8393.655232,5177.900767,3556.784411,4069.321186,3628.397778,5197.863531,3399.602599,3554.978346,3788.294206,3060.971718,4241.521472,5017.059465,5463.209871,4436.963895,8090.056314,6265.09785,3914.382535,6818.883061,4485.900968,4618.398104,7038.551632,3830.469471,4057.966887,4631.040029,3379.907729
202111,7708.825373,4500.936835,2871.423773,3701.609915,3653.410676,5021.656117,3469.730949,2988.369014,3996.435218,3179.883153,4070.283117,5141.627365,5075.67278,4148.918118,7460.994493,5769.211351,3825.242872,7377.711286,4037.688779,4109.969683,7471.50886,3675.244102,3687.941989,4054.298645,3588.963679
202112,8315.023331,4885.764824,2556.486737,3767.530599,3496.453309,5309.587476,3150.754597,3109.93086,3747.58867,3285.717517,3914.171251,4573.37228,5094.183155,3974.631844,6819.328937,6361.635067,3778.467252,6110.011326,4757.348994,4439.573322,7439.016704,3962.313501,3907.407257,4503.348786,3296.018748
